ID,Resolution,Center,WSI,Node,Class,Image_path
2478,4x,center_0,patient_015,patient_015_node-4,ffpe_itc,breast_patch/camelyon17_patch_use/training_itc-4X/center_0/patient_015/node-4/patch_28.jpg
2493,4x,center_1,patient_038,patient_038_node-4,ffpe_itc,breast_patch/camelyon17_patch_use/training_itc-4X/center_1/patient_038/node-4/patch_26.jpg
2494,4x,center_1,patient_038,patient_038_node-4,ffpe_itc,breast_patch/camelyon17_patch_use/training_itc-4X/center_1/patient_038/node-4/patch_36.jpg
2495,4x,center_1,patient_038,patient_038_node-4,ffpe_itc,breast_patch/camelyon17_patch_use/training_itc-4X/center_1/patient_038/node-4/patch_35.jpg
2498,4x,center_4,patient_086,patient_086_node-4,ffpe_itc,breast_patch/camelyon17_patch_use/training_itc-4X/center_4/patient_086/node-4/patch_61.jpg
2499,4x,center_4,patient_086,patient_086_node-4,ffpe_itc,breast_patch/camelyon17_patch_use/training_itc-4X/center_4/patient_086/node-4/patch_50.jpg
252,4x,center_3,patient_066,patient_066_node-3,ffpe_macro,breast_patch/camelyon17_patch_use/training_macro-4X/center_3/patient_066/node-3/patch_62.jpg
253,4x,center_3,patient_066,patient_066_node-3,ffpe_macro,breast_patch/camelyon17_patch_use/training_macro-4X/center_3/patient_066/node-3/patch_70.jpg
254,4x,center_3,patient_066,patient_066_node-3,ffpe_macro,breast_patch/camelyon17_patch_use/training_macro-4X/center_3/patient_066/node-3/patch_82.jpg
255,4x,center_3,patient_066,patient_066_node-3,ffpe_macro,breast_patch/camelyon17_patch_use/training_macro-4X/center_3/patient_066/node-3/patch_61.jpg
256,4x,center_3,patient_066,patient_066_node-3,ffpe_macro,breast_patch/camelyon17_patch_use/training_macro-4X/center_3/patient_066/node-3/patch_28.jpg
257,4x,center_3,patient_066,patient_066_node-3,ffpe_macro,breast_patch/camelyon17_patch_use/training_macro-4X/center_3/patient_066/node-3/patch_73.jpg
258,4x,center_3,patient_066,patient_066_node-3,ffpe_macro,breast_patch/camelyon17_patch_use/training_macro-4X/center_3/patient_066/node-3/patch_77.jpg
259,4x,center_3,patient_066,patient_066_node-3,ffpe_macro,breast_patch/camelyon17_patch_use/training_macro-4X/center_3/patient_066/node-3/patch_81.jpg
260,4x,center_3,patient_066,patient_066_node-3,ffpe_macro,breast_patch/camelyon17_patch_use/training_macro-4X/center_3/patient_066/node-3/patch_54.jpg
261,4x,center_3,patient_066,patient_066_node-3,ffpe_macro,breast_patch/camelyon17_patch_use/training_macro-4X/center_3/patient_066/node-3/patch_55.jpg
262,4x,center_3,patient_066,patient_066_node-3,ffpe_macro,breast_patch/camelyon17_patch_use/training_macro-4X/center_3/patient_066/node-3/patch_80.jpg
263,4x,center_3,patient_066,patient_066_node-3,ffpe_macro,breast_patch/camelyon17_patch_use/training_macro-4X/center_3/patient_066/node-3/patch_56.jpg
264,4x,center_3,patient_066,patient_066_node-3,ffpe_macro,breast_patch/camelyon17_patch_use/training_macro-4X/center_3/patient_066/node-3/patch_29.jpg
265,4x,center_3,patient_066,patient_066_node-3,ffpe_macro,breast_patch/camelyon17_patch_use/training_macro-4X/center_3/patient_066/node-3/patch_63.jpg
266,4x,center_3,patient_066,patient_066_node-3,ffpe_macro,breast_patch/camelyon17_patch_use/training_macro-4X/center_3/patient_066/node-3/patch_42.jpg
267,4x,center_3,patient_066,patient_066_node-3,ffpe_macro,breast_patch/camelyon17_patch_use/training_macro-4X/center_3/patient_066/node-3/patch_65.jpg
268,4x,center_3,patient_066,patient_066_node-3,ffpe_macro,breast_patch/camelyon17_patch_use/training_macro-4X/center_3/patient_066/node-3/patch_66.jpg
269,4x,center_3,patient_066,patient_066_node-3,ffpe_macro,breast_patch/camelyon17_patch_use/training_macro-4X/center_3/patient_066/node-3/patch_78.jpg
270,4x,center_3,patient_066,patient_066_node-3,ffpe_macro,breast_patch/camelyon17_patch_use/training_macro-4X/center_3/patient_066/node-3/patch_75.jpg
271,4x,center_3,patient_066,patient_066_node-3,ffpe_macro,breast_patch/camelyon17_patch_use/training_macro-4X/center_3/patient_066/node-3/patch_57.jpg
272,4x,center_3,patient_066,patient_066_node-3,ffpe_macro,breast_patch/camelyon17_patch_use/training_macro-4X/center_3/patient_066/node-3/patch_30.jpg
273,4x,center_3,patient_066,patient_066_node-3,ffpe_macro,breast_patch/camelyon17_patch_use/training_macro-4X/center_3/patient_066/node-3/patch_39.jpg
274,4x,center_3,patient_066,patient_066_node-3,ffpe_macro,breast_patch/camelyon17_patch_use/training_macro-4X/center_3/patient_066/node-3/patch_68.jpg
275,4x,center_3,patient_066,patient_066_node-3,ffpe_macro,breast_patch/camelyon17_patch_use/training_macro-4X/center_3/patient_066/node-3/patch_50.jpg
276,4x,center_3,patient_066,patient_066_node-3,ffpe_macro,breast_patch/camelyon17_patch_use/training_macro-4X/center_3/patient_066/node-3/patch_67.jpg
277,4x,center_3,patient_066,patient_066_node-3,ffpe_macro,breast_patch/camelyon17_patch_use/training_macro-4X/center_3/patient_066/node-3/patch_43.jpg
278,4x,center_3,patient_066,patient_066_node-3,ffpe_macro,breast_patch/camelyon17_patch_use/training_macro-4X/center_3/patient_066/node-3/patch_41.jpg
279,4x,center_3,patient_066,patient_066_node-3,ffpe_macro,breast_patch/camelyon17_patch_use/training_macro-4X/center_3/patient_066/node-3/patch_53.jpg
280,4x,center_3,patient_066,patient_066_node-3,ffpe_macro,breast_patch/camelyon17_patch_use/training_macro-4X/center_3/patient_066/node-3/patch_76.jpg
281,4x,center_3,patient_066,patient_066_node-3,ffpe_macro,breast_patch/camelyon17_patch_use/training_macro-4X/center_3/patient_066/node-3/patch_52.jpg
282,4x,center_3,patient_066,patient_066_node-3,ffpe_macro,breast_patch/camelyon17_patch_use/training_macro-4X/center_3/patient_066/node-3/patch_69.jpg
283,4x,center_3,patient_066,patient_066_node-3,ffpe_macro,breast_patch/camelyon17_patch_use/training_macro-4X/center_3/patient_066/node-3/patch_64.jpg
284,4x,center_3,patient_066,patient_066_node-3,ffpe_macro,breast_patch/camelyon17_patch_use/training_macro-4X/center_3/patient_066/node-3/patch_51.jpg
285,4x,center_3,patient_066,patient_066_node-3,ffpe_macro,breast_patch/camelyon17_patch_use/training_macro-4X/center_3/patient_066/node-3/patch_79.jpg
286,4x,center_3,patient_066,patient_066_node-3,ffpe_macro,breast_patch/camelyon17_patch_use/training_macro-4X/center_3/patient_066/node-3/patch_40.jpg
414,4x,center_3,patient_076,patient_076_node-1,ffpe_macro,breast_patch/camelyon17_patch_use/training_macro-4X/center_3/patient_076/node-1/patch_38.jpg
415,4x,center_3,patient_076,patient_076_node-1,ffpe_macro,breast_patch/camelyon17_patch_use/training_macro-4X/center_3/patient_076/node-1/patch_62.jpg
416,4x,center_3,patient_076,patient_076_node-1,ffpe_macro,breast_patch/camelyon17_patch_use/training_macro-4X/center_3/patient_076/node-1/patch_31.jpg
417,4x,center_3,patient_076,patient_076_node-1,ffpe_macro,breast_patch/camelyon17_patch_use/training_macro-4X/center_3/patient_076/node-1/patch_47.jpg
418,4x,center_3,patient_076,patient_076_node-1,ffpe_macro,breast_patch/camelyon17_patch_use/training_macro-4X/center_3/patient_076/node-1/patch_84.jpg
419,4x,center_3,patient_076,patient_076_node-1,ffpe_macro,breast_patch/camelyon17_patch_use/training_macro-4X/center_3/patient_076/node-1/patch_70.jpg
420,4x,center_3,patient_076,patient_076_node-1,ffpe_macro,breast_patch/camelyon17_patch_use/training_macro-4X/center_3/patient_076/node-1/patch_7.jpg
421,4x,center_3,patient_076,patient_076_node-1,ffpe_macro,breast_patch/camelyon17_patch_use/training_macro-4X/center_3/patient_076/node-1/patch_6.jpg
422,4x,center_3,patient_076,patient_076_node-1,ffpe_macro,breast_patch/camelyon17_patch_use/training_macro-4X/center_3/patient_076/node-1/patch_8.jpg
423,4x,center_3,patient_076,patient_076_node-1,ffpe_macro,breast_patch/camelyon17_patch_use/training_macro-4X/center_3/patient_076/node-1/patch_82.jpg
424,4x,center_3,patient_076,patient_076_node-1,ffpe_macro,breast_patch/camelyon17_patch_use/training_macro-4X/center_3/patient_076/node-1/patch_15.jpg
425,4x,center_3,patient_076,patient_076_node-1,ffpe_macro,breast_patch/camelyon17_patch_use/training_macro-4X/center_3/patient_076/node-1/patch_26.jpg
426,4x,center_3,patient_076,patient_076_node-1,ffpe_macro,breast_patch/camelyon17_patch_use/training_macro-4X/center_3/patient_076/node-1/patch_61.jpg
427,4x,center_3,patient_076,patient_076_node-1,ffpe_macro,breast_patch/camelyon17_patch_use/training_macro-4X/center_3/patient_076/node-1/patch_58.jpg
428,4x,center_3,patient_076,patient_076_node-1,ffpe_macro,breast_patch/camelyon17_patch_use/training_macro-4X/center_3/patient_076/node-1/patch_28.jpg
429,4x,center_3,patient_076,patient_076_node-1,ffpe_macro,breast_patch/camelyon17_patch_use/training_macro-4X/center_3/patient_076/node-1/patch_73.jpg
430,4x,center_3,patient_076,patient_076_node-1,ffpe_macro,breast_patch/camelyon17_patch_use/training_macro-4X/center_3/patient_076/node-1/patch_77.jpg
431,4x,center_3,patient_076,patient_076_node-1,ffpe_macro,breast_patch/camelyon17_patch_use/training_macro-4X/center_3/patient_076/node-1/patch_46.jpg
432,4x,center_3,patient_076,patient_076_node-1,ffpe_macro,breast_patch/camelyon17_patch_use/training_macro-4X/center_3/patient_076/node-1/patch_36.jpg
433,4x,center_3,patient_076,patient_076_node-1,ffpe_macro,breast_patch/camelyon17_patch_use/training_macro-4X/center_3/patient_076/node-1/patch_81.jpg
434,4x,center_3,patient_076,patient_076_node-1,ffpe_macro,breast_patch/camelyon17_patch_use/training_macro-4X/center_3/patient_076/node-1/patch_3.jpg
435,4x,center_3,patient_076,patient_076_node-1,ffpe_macro,breast_patch/camelyon17_patch_use/training_macro-4X/center_3/patient_076/node-1/patch_55.jpg
436,4x,center_3,patient_076,patient_076_node-1,ffpe_macro,breast_patch/camelyon17_patch_use/training_macro-4X/center_3/patient_076/node-1/patch_80.jpg
437,4x,center_3,patient_076,patient_076_node-1,ffpe_macro,breast_patch/camelyon17_patch_use/training_macro-4X/center_3/patient_076/node-1/patch_17.jpg
438,4x,center_3,patient_076,patient_076_node-1,ffpe_macro,breast_patch/camelyon17_patch_use/training_macro-4X/center_3/patient_076/node-1/patch_49.jpg
439,4x,center_3,patient_076,patient_076_node-1,ffpe_macro,breast_patch/camelyon17_patch_use/training_macro-4X/center_3/patient_076/node-1/patch_25.jpg
440,4x,center_3,patient_076,patient_076_node-1,ffpe_macro,breast_patch/camelyon17_patch_use/training_macro-4X/center_3/patient_076/node-1/patch_56.jpg
441,4x,center_3,patient_076,patient_076_node-1,ffpe_macro,breast_patch/camelyon17_patch_use/training_macro-4X/center_3/patient_076/node-1/patch_21.jpg
442,4x,center_3,patient_076,patient_076_node-1,ffpe_macro,breast_patch/camelyon17_patch_use/training_macro-4X/center_3/patient_076/node-1/patch_45.jpg
443,4x,center_3,patient_076,patient_076_node-1,ffpe_macro,breast_patch/camelyon17_patch_use/training_macro-4X/center_3/patient_076/node-1/patch_16.jpg
444,4x,center_3,patient_076,patient_076_node-1,ffpe_macro,breast_patch/camelyon17_patch_use/training_macro-4X/center_3/patient_076/node-1/patch_60.jpg
445,4x,center_3,patient_076,patient_076_node-1,ffpe_macro,breast_patch/camelyon17_patch_use/training_macro-4X/center_3/patient_076/node-1/patch_34.jpg
446,4x,center_3,patient_076,patient_076_node-1,ffpe_macro,breast_patch/camelyon17_patch_use/training_macro-4X/center_3/patient_076/node-1/patch_18.jpg
447,4x,center_3,patient_076,patient_076_node-1,ffpe_macro,breast_patch/camelyon17_patch_use/training_macro-4X/center_3/patient_076/node-1/patch_29.jpg
448,4x,center_3,patient_076,patient_076_node-1,ffpe_macro,breast_patch/camelyon17_patch_use/training_macro-4X/center_3/patient_076/node-1/patch_63.jpg
449,4x,center_3,patient_076,patient_076_node-1,ffpe_macro,breast_patch/camelyon17_patch_use/training_macro-4X/center_3/patient_076/node-1/patch_42.jpg
450,4x,center_3,patient_076,patient_076_node-1,ffpe_macro,breast_patch/camelyon17_patch_use/training_macro-4X/center_3/patient_076/node-1/patch_27.jpg
451,4x,center_3,patient_076,patient_076_node-1,ffpe_macro,breast_patch/camelyon17_patch_use/training_macro-4X/center_3/patient_076/node-1/patch_13.jpg
452,4x,center_3,patient_076,patient_076_node-1,ffpe_macro,breast_patch/camelyon17_patch_use/training_macro-4X/center_3/patient_076/node-1/patch_72.jpg
453,4x,center_3,patient_076,patient_076_node-1,ffpe_macro,breast_patch/camelyon17_patch_use/training_macro-4X/center_3/patient_076/node-1/patch_66.jpg
454,4x,center_3,patient_076,patient_076_node-1,ffpe_macro,breast_patch/camelyon17_patch_use/training_macro-4X/center_3/patient_076/node-1/patch_23.jpg
455,4x,center_3,patient_076,patient_076_node-1,ffpe_macro,breast_patch/camelyon17_patch_use/training_macro-4X/center_3/patient_076/node-1/patch_14.jpg
456,4x,center_3,patient_076,patient_076_node-1,ffpe_macro,breast_patch/camelyon17_patch_use/training_macro-4X/center_3/patient_076/node-1/patch_78.jpg
457,4x,center_3,patient_076,patient_076_node-1,ffpe_macro,breast_patch/camelyon17_patch_use/training_macro-4X/center_3/patient_076/node-1/patch_5.jpg
458,4x,center_3,patient_076,patient_076_node-1,ffpe_macro,breast_patch/camelyon17_patch_use/training_macro-4X/center_3/patient_076/node-1/patch_57.jpg
459,4x,center_3,patient_076,patient_076_node-1,ffpe_macro,breast_patch/camelyon17_patch_use/training_macro-4X/center_3/patient_076/node-1/patch_20.jpg
460,4x,center_3,patient_076,patient_076_node-1,ffpe_macro,breast_patch/camelyon17_patch_use/training_macro-4X/center_3/patient_076/node-1/patch_30.jpg
461,4x,center_3,patient_076,patient_076_node-1,ffpe_macro,breast_patch/camelyon17_patch_use/training_macro-4X/center_3/patient_076/node-1/patch_39.jpg
462,4x,center_3,patient_076,patient_076_node-1,ffpe_macro,breast_patch/camelyon17_patch_use/training_macro-4X/center_3/patient_076/node-1/patch_83.jpg
463,4x,center_3,patient_076,patient_076_node-1,ffpe_macro,breast_patch/camelyon17_patch_use/training_macro-4X/center_3/patient_076/node-1/patch_35.jpg
464,4x,center_3,patient_076,patient_076_node-1,ffpe_macro,breast_patch/camelyon17_patch_use/training_macro-4X/center_3/patient_076/node-1/patch_68.jpg
465,4x,center_3,patient_076,patient_076_node-1,ffpe_macro,breast_patch/camelyon17_patch_use/training_macro-4X/center_3/patient_076/node-1/patch_50.jpg
466,4x,center_3,patient_076,patient_076_node-1,ffpe_macro,breast_patch/camelyon17_patch_use/training_macro-4X/center_3/patient_076/node-1/patch_59.jpg
467,4x,center_3,patient_076,patient_076_node-1,ffpe_macro,breast_patch/camelyon17_patch_use/training_macro-4X/center_3/patient_076/node-1/patch_67.jpg
468,4x,center_3,patient_076,patient_076_node-1,ffpe_macro,breast_patch/camelyon17_patch_use/training_macro-4X/center_3/patient_076/node-1/patch_37.jpg
469,4x,center_3,patient_076,patient_076_node-1,ffpe_macro,breast_patch/camelyon17_patch_use/training_macro-4X/center_3/patient_076/node-1/patch_19.jpg
470,4x,center_3,patient_076,patient_076_node-1,ffpe_macro,breast_patch/camelyon17_patch_use/training_macro-4X/center_3/patient_076/node-1/patch_10.jpg
471,4x,center_3,patient_076,patient_076_node-1,ffpe_macro,breast_patch/camelyon17_patch_use/training_macro-4X/center_3/patient_076/node-1/patch_71.jpg
472,4x,center_3,patient_076,patient_076_node-1,ffpe_macro,breast_patch/camelyon17_patch_use/training_macro-4X/center_3/patient_076/node-1/patch_43.jpg
473,4x,center_3,patient_076,patient_076_node-1,ffpe_macro,breast_patch/camelyon17_patch_use/training_macro-4X/center_3/patient_076/node-1/patch_24.jpg
474,4x,center_3,patient_076,patient_076_node-1,ffpe_macro,breast_patch/camelyon17_patch_use/training_macro-4X/center_3/patient_076/node-1/patch_41.jpg
475,4x,center_3,patient_076,patient_076_node-1,ffpe_macro,breast_patch/camelyon17_patch_use/training_macro-4X/center_3/patient_076/node-1/patch_53.jpg
476,4x,center_3,patient_076,patient_076_node-1,ffpe_macro,breast_patch/camelyon17_patch_use/training_macro-4X/center_3/patient_076/node-1/patch_52.jpg
477,4x,center_3,patient_076,patient_076_node-1,ffpe_macro,breast_patch/camelyon17_patch_use/training_macro-4X/center_3/patient_076/node-1/patch_69.jpg
478,4x,center_3,patient_076,patient_076_node-1,ffpe_macro,breast_patch/camelyon17_patch_use/training_macro-4X/center_3/patient_076/node-1/patch_51.jpg
479,4x,center_3,patient_076,patient_076_node-1,ffpe_macro,breast_patch/camelyon17_patch_use/training_macro-4X/center_3/patient_076/node-1/patch_79.jpg
480,4x,center_3,patient_076,patient_076_node-1,ffpe_macro,breast_patch/camelyon17_patch_use/training_macro-4X/center_3/patient_076/node-1/patch_48.jpg
481,4x,center_3,patient_076,patient_076_node-1,ffpe_macro,breast_patch/camelyon17_patch_use/training_macro-4X/center_3/patient_076/node-1/patch_32.jpg
482,4x,center_3,patient_076,patient_076_node-1,ffpe_macro,breast_patch/camelyon17_patch_use/training_macro-4X/center_3/patient_076/node-1/patch_4.jpg
483,4x,center_3,patient_076,patient_076_node-1,ffpe_macro,breast_patch/camelyon17_patch_use/training_macro-4X/center_3/patient_076/node-1/patch_2.jpg
484,4x,center_3,patient_076,patient_076_node-1,ffpe_macro,breast_patch/camelyon17_patch_use/training_macro-4X/center_3/patient_076/node-1/patch_40.jpg
485,4x,center_3,patient_076,patient_076_node-1,ffpe_macro,breast_patch/camelyon17_patch_use/training_macro-4X/center_3/patient_076/node-1/patch_9.jpg
557,4x,center_3,patient_072,patient_072_node-1,ffpe_macro,breast_patch/camelyon17_patch_use/training_macro-4X/center_3/patient_072/node-1/patch_38.jpg
558,4x,center_3,patient_072,patient_072_node-1,ffpe_macro,breast_patch/camelyon17_patch_use/training_macro-4X/center_3/patient_072/node-1/patch_62.jpg
559,4x,center_3,patient_072,patient_072_node-1,ffpe_macro,breast_patch/camelyon17_patch_use/training_macro-4X/center_3/patient_072/node-1/patch_31.jpg
560,4x,center_3,patient_072,patient_072_node-1,ffpe_macro,breast_patch/camelyon17_patch_use/training_macro-4X/center_3/patient_072/node-1/patch_47.jpg
561,4x,center_3,patient_072,patient_072_node-1,ffpe_macro,breast_patch/camelyon17_patch_use/training_macro-4X/center_3/patient_072/node-1/patch_84.jpg
562,4x,center_3,patient_072,patient_072_node-1,ffpe_macro,breast_patch/camelyon17_patch_use/training_macro-4X/center_3/patient_072/node-1/patch_70.jpg
563,4x,center_3,patient_072,patient_072_node-1,ffpe_macro,breast_patch/camelyon17_patch_use/training_macro-4X/center_3/patient_072/node-1/patch_7.jpg
564,4x,center_3,patient_072,patient_072_node-1,ffpe_macro,breast_patch/camelyon17_patch_use/training_macro-4X/center_3/patient_072/node-1/patch_6.jpg
565,4x,center_3,patient_072,patient_072_node-1,ffpe_macro,breast_patch/camelyon17_patch_use/training_macro-4X/center_3/patient_072/node-1/patch_8.jpg
566,4x,center_3,patient_072,patient_072_node-1,ffpe_macro,breast_patch/camelyon17_patch_use/training_macro-4X/center_3/patient_072/node-1/patch_15.jpg
567,4x,center_3,patient_072,patient_072_node-1,ffpe_macro,breast_patch/camelyon17_patch_use/training_macro-4X/center_3/patient_072/node-1/patch_26.jpg
568,4x,center_3,patient_072,patient_072_node-1,ffpe_macro,breast_patch/camelyon17_patch_use/training_macro-4X/center_3/patient_072/node-1/patch_61.jpg
569,4x,center_3,patient_072,patient_072_node-1,ffpe_macro,breast_patch/camelyon17_patch_use/training_macro-4X/center_3/patient_072/node-1/patch_58.jpg
570,4x,center_3,patient_072,patient_072_node-1,ffpe_macro,breast_patch/camelyon17_patch_use/training_macro-4X/center_3/patient_072/node-1/patch_28.jpg
571,4x,center_3,patient_072,patient_072_node-1,ffpe_macro,breast_patch/camelyon17_patch_use/training_macro-4X/center_3/patient_072/node-1/patch_73.jpg
572,4x,center_3,patient_072,patient_072_node-1,ffpe_macro,breast_patch/camelyon17_patch_use/training_macro-4X/center_3/patient_072/node-1/patch_46.jpg
573,4x,center_3,patient_072,patient_072_node-1,ffpe_macro,breast_patch/camelyon17_patch_use/training_macro-4X/center_3/patient_072/node-1/patch_44.jpg
574,4x,center_3,patient_072,patient_072_node-1,ffpe_macro,breast_patch/camelyon17_patch_use/training_macro-4X/center_3/patient_072/node-1/patch_1.jpg
575,4x,center_3,patient_072,patient_072_node-1,ffpe_macro,breast_patch/camelyon17_patch_use/training_macro-4X/center_3/patient_072/node-1/patch_11.jpg
576,4x,center_3,patient_072,patient_072_node-1,ffpe_macro,breast_patch/camelyon17_patch_use/training_macro-4X/center_3/patient_072/node-1/patch_36.jpg
577,4x,center_3,patient_072,patient_072_node-1,ffpe_macro,breast_patch/camelyon17_patch_use/training_macro-4X/center_3/patient_072/node-1/patch_81.jpg
578,4x,center_3,patient_072,patient_072_node-1,ffpe_macro,breast_patch/camelyon17_patch_use/training_macro-4X/center_3/patient_072/node-1/patch_3.jpg
579,4x,center_3,patient_072,patient_072_node-1,ffpe_macro,breast_patch/camelyon17_patch_use/training_macro-4X/center_3/patient_072/node-1/patch_12.jpg
580,4x,center_3,patient_072,patient_072_node-1,ffpe_macro,breast_patch/camelyon17_patch_use/training_macro-4X/center_3/patient_072/node-1/patch_55.jpg
581,4x,center_3,patient_072,patient_072_node-1,ffpe_macro,breast_patch/camelyon17_patch_use/training_macro-4X/center_3/patient_072/node-1/patch_80.jpg
582,4x,center_3,patient_072,patient_072_node-1,ffpe_macro,breast_patch/camelyon17_patch_use/training_macro-4X/center_3/patient_072/node-1/patch_17.jpg
583,4x,center_3,patient_072,patient_072_node-1,ffpe_macro,breast_patch/camelyon17_patch_use/training_macro-4X/center_3/patient_072/node-1/patch_49.jpg
584,4x,center_3,patient_072,patient_072_node-1,ffpe_macro,breast_patch/camelyon17_patch_use/training_macro-4X/center_3/patient_072/node-1/patch_25.jpg
585,4x,center_3,patient_072,patient_072_node-1,ffpe_macro,breast_patch/camelyon17_patch_use/training_macro-4X/center_3/patient_072/node-1/patch_56.jpg
586,4x,center_3,patient_072,patient_072_node-1,ffpe_macro,breast_patch/camelyon17_patch_use/training_macro-4X/center_3/patient_072/node-1/patch_21.jpg
587,4x,center_3,patient_072,patient_072_node-1,ffpe_macro,breast_patch/camelyon17_patch_use/training_macro-4X/center_3/patient_072/node-1/patch_45.jpg
588,4x,center_3,patient_072,patient_072_node-1,ffpe_macro,breast_patch/camelyon17_patch_use/training_macro-4X/center_3/patient_072/node-1/patch_16.jpg
589,4x,center_3,patient_072,patient_072_node-1,ffpe_macro,breast_patch/camelyon17_patch_use/training_macro-4X/center_3/patient_072/node-1/patch_60.jpg
590,4x,center_3,patient_072,patient_072_node-1,ffpe_macro,breast_patch/camelyon17_patch_use/training_macro-4X/center_3/patient_072/node-1/patch_34.jpg
591,4x,center_3,patient_072,patient_072_node-1,ffpe_macro,breast_patch/camelyon17_patch_use/training_macro-4X/center_3/patient_072/node-1/patch_18.jpg
592,4x,center_3,patient_072,patient_072_node-1,ffpe_macro,breast_patch/camelyon17_patch_use/training_macro-4X/center_3/patient_072/node-1/patch_29.jpg
593,4x,center_3,patient_072,patient_072_node-1,ffpe_macro,breast_patch/camelyon17_patch_use/training_macro-4X/center_3/patient_072/node-1/patch_63.jpg
594,4x,center_3,patient_072,patient_072_node-1,ffpe_macro,breast_patch/camelyon17_patch_use/training_macro-4X/center_3/patient_072/node-1/patch_42.jpg
595,4x,center_3,patient_072,patient_072_node-1,ffpe_macro,breast_patch/camelyon17_patch_use/training_macro-4X/center_3/patient_072/node-1/patch_27.jpg
596,4x,center_3,patient_072,patient_072_node-1,ffpe_macro,breast_patch/camelyon17_patch_use/training_macro-4X/center_3/patient_072/node-1/patch_13.jpg
597,4x,center_3,patient_072,patient_072_node-1,ffpe_macro,breast_patch/camelyon17_patch_use/training_macro-4X/center_3/patient_072/node-1/patch_72.jpg
598,4x,center_3,patient_072,patient_072_node-1,ffpe_macro,breast_patch/camelyon17_patch_use/training_macro-4X/center_3/patient_072/node-1/patch_66.jpg
599,4x,center_3,patient_072,patient_072_node-1,ffpe_macro,breast_patch/camelyon17_patch_use/training_macro-4X/center_3/patient_072/node-1/patch_23.jpg
600,4x,center_3,patient_072,patient_072_node-1,ffpe_macro,breast_patch/camelyon17_patch_use/training_macro-4X/center_3/patient_072/node-1/patch_14.jpg
601,4x,center_3,patient_072,patient_072_node-1,ffpe_macro,breast_patch/camelyon17_patch_use/training_macro-4X/center_3/patient_072/node-1/patch_5.jpg
602,4x,center_3,patient_072,patient_072_node-1,ffpe_macro,breast_patch/camelyon17_patch_use/training_macro-4X/center_3/patient_072/node-1/patch_57.jpg
603,4x,center_3,patient_072,patient_072_node-1,ffpe_macro,breast_patch/camelyon17_patch_use/training_macro-4X/center_3/patient_072/node-1/patch_20.jpg
604,4x,center_3,patient_072,patient_072_node-1,ffpe_macro,breast_patch/camelyon17_patch_use/training_macro-4X/center_3/patient_072/node-1/patch_30.jpg
605,4x,center_3,patient_072,patient_072_node-1,ffpe_macro,breast_patch/camelyon17_patch_use/training_macro-4X/center_3/patient_072/node-1/patch_39.jpg
606,4x,center_3,patient_072,patient_072_node-1,ffpe_macro,breast_patch/camelyon17_patch_use/training_macro-4X/center_3/patient_072/node-1/patch_83.jpg
607,4x,center_3,patient_072,patient_072_node-1,ffpe_macro,breast_patch/camelyon17_patch_use/training_macro-4X/center_3/patient_072/node-1/patch_35.jpg
608,4x,center_3,patient_072,patient_072_node-1,ffpe_macro,breast_patch/camelyon17_patch_use/training_macro-4X/center_3/patient_072/node-1/patch_68.jpg
609,4x,center_3,patient_072,patient_072_node-1,ffpe_macro,breast_patch/camelyon17_patch_use/training_macro-4X/center_3/patient_072/node-1/patch_50.jpg
610,4x,center_3,patient_072,patient_072_node-1,ffpe_macro,breast_patch/camelyon17_patch_use/training_macro-4X/center_3/patient_072/node-1/patch_85.jpg
611,4x,center_3,patient_072,patient_072_node-1,ffpe_macro,breast_patch/camelyon17_patch_use/training_macro-4X/center_3/patient_072/node-1/patch_59.jpg
612,4x,center_3,patient_072,patient_072_node-1,ffpe_macro,breast_patch/camelyon17_patch_use/training_macro-4X/center_3/patient_072/node-1/patch_67.jpg
613,4x,center_3,patient_072,patient_072_node-1,ffpe_macro,breast_patch/camelyon17_patch_use/training_macro-4X/center_3/patient_072/node-1/patch_37.jpg
614,4x,center_3,patient_072,patient_072_node-1,ffpe_macro,breast_patch/camelyon17_patch_use/training_macro-4X/center_3/patient_072/node-1/patch_19.jpg
615,4x,center_3,patient_072,patient_072_node-1,ffpe_macro,breast_patch/camelyon17_patch_use/training_macro-4X/center_3/patient_072/node-1/patch_10.jpg
616,4x,center_3,patient_072,patient_072_node-1,ffpe_macro,breast_patch/camelyon17_patch_use/training_macro-4X/center_3/patient_072/node-1/patch_22.jpg
617,4x,center_3,patient_072,patient_072_node-1,ffpe_macro,breast_patch/camelyon17_patch_use/training_macro-4X/center_3/patient_072/node-1/patch_33.jpg
618,4x,center_3,patient_072,patient_072_node-1,ffpe_macro,breast_patch/camelyon17_patch_use/training_macro-4X/center_3/patient_072/node-1/patch_71.jpg
619,4x,center_3,patient_072,patient_072_node-1,ffpe_macro,breast_patch/camelyon17_patch_use/training_macro-4X/center_3/patient_072/node-1/patch_43.jpg
620,4x,center_3,patient_072,patient_072_node-1,ffpe_macro,breast_patch/camelyon17_patch_use/training_macro-4X/center_3/patient_072/node-1/patch_24.jpg
621,4x,center_3,patient_072,patient_072_node-1,ffpe_macro,breast_patch/camelyon17_patch_use/training_macro-4X/center_3/patient_072/node-1/patch_41.jpg
622,4x,center_3,patient_072,patient_072_node-1,ffpe_macro,breast_patch/camelyon17_patch_use/training_macro-4X/center_3/patient_072/node-1/patch_53.jpg
623,4x,center_3,patient_072,patient_072_node-1,ffpe_macro,breast_patch/camelyon17_patch_use/training_macro-4X/center_3/patient_072/node-1/patch_0.jpg
624,4x,center_3,patient_072,patient_072_node-1,ffpe_macro,breast_patch/camelyon17_patch_use/training_macro-4X/center_3/patient_072/node-1/patch_52.jpg
625,4x,center_3,patient_072,patient_072_node-1,ffpe_macro,breast_patch/camelyon17_patch_use/training_macro-4X/center_3/patient_072/node-1/patch_69.jpg
626,4x,center_3,patient_072,patient_072_node-1,ffpe_macro,breast_patch/camelyon17_patch_use/training_macro-4X/center_3/patient_072/node-1/patch_51.jpg
627,4x,center_3,patient_072,patient_072_node-1,ffpe_macro,breast_patch/camelyon17_patch_use/training_macro-4X/center_3/patient_072/node-1/patch_48.jpg
628,4x,center_3,patient_072,patient_072_node-1,ffpe_macro,breast_patch/camelyon17_patch_use/training_macro-4X/center_3/patient_072/node-1/patch_32.jpg
629,4x,center_3,patient_072,patient_072_node-1,ffpe_macro,breast_patch/camelyon17_patch_use/training_macro-4X/center_3/patient_072/node-1/patch_4.jpg
630,4x,center_3,patient_072,patient_072_node-1,ffpe_macro,breast_patch/camelyon17_patch_use/training_macro-4X/center_3/patient_072/node-1/patch_2.jpg
631,4x,center_3,patient_072,patient_072_node-1,ffpe_macro,breast_patch/camelyon17_patch_use/training_macro-4X/center_3/patient_072/node-1/patch_40.jpg
632,4x,center_3,patient_072,patient_072_node-1,ffpe_macro,breast_patch/camelyon17_patch_use/training_macro-4X/center_3/patient_072/node-1/patch_9.jpg
877,4x,center_1,patient_020,patient_020_node-4,ffpe_macro,breast_patch/camelyon17_patch_use/training_macro-4X/center_1/patient_020/node-4/patch_38.jpg
878,4x,center_1,patient_020,patient_020_node-4,ffpe_macro,breast_patch/camelyon17_patch_use/training_macro-4X/center_1/patient_020/node-4/patch_7.jpg
879,4x,center_1,patient_020,patient_020_node-4,ffpe_macro,breast_patch/camelyon17_patch_use/training_macro-4X/center_1/patient_020/node-4/patch_6.jpg
880,4x,center_1,patient_020,patient_020_node-4,ffpe_macro,breast_patch/camelyon17_patch_use/training_macro-4X/center_1/patient_020/node-4/patch_8.jpg
881,4x,center_1,patient_020,patient_020_node-4,ffpe_macro,breast_patch/camelyon17_patch_use/training_macro-4X/center_1/patient_020/node-4/patch_15.jpg
882,4x,center_1,patient_020,patient_020_node-4,ffpe_macro,breast_patch/camelyon17_patch_use/training_macro-4X/center_1/patient_020/node-4/patch_26.jpg
883,4x,center_1,patient_020,patient_020_node-4,ffpe_macro,breast_patch/camelyon17_patch_use/training_macro-4X/center_1/patient_020/node-4/patch_28.jpg
884,4x,center_1,patient_020,patient_020_node-4,ffpe_macro,breast_patch/camelyon17_patch_use/training_macro-4X/center_1/patient_020/node-4/patch_36.jpg
885,4x,center_1,patient_020,patient_020_node-4,ffpe_macro,breast_patch/camelyon17_patch_use/training_macro-4X/center_1/patient_020/node-4/patch_3.jpg
886,4x,center_1,patient_020,patient_020_node-4,ffpe_macro,breast_patch/camelyon17_patch_use/training_macro-4X/center_1/patient_020/node-4/patch_17.jpg
887,4x,center_1,patient_020,patient_020_node-4,ffpe_macro,breast_patch/camelyon17_patch_use/training_macro-4X/center_1/patient_020/node-4/patch_25.jpg
888,4x,center_1,patient_020,patient_020_node-4,ffpe_macro,breast_patch/camelyon17_patch_use/training_macro-4X/center_1/patient_020/node-4/patch_16.jpg
889,4x,center_1,patient_020,patient_020_node-4,ffpe_macro,breast_patch/camelyon17_patch_use/training_macro-4X/center_1/patient_020/node-4/patch_18.jpg
890,4x,center_1,patient_020,patient_020_node-4,ffpe_macro,breast_patch/camelyon17_patch_use/training_macro-4X/center_1/patient_020/node-4/patch_29.jpg
891,4x,center_1,patient_020,patient_020_node-4,ffpe_macro,breast_patch/camelyon17_patch_use/training_macro-4X/center_1/patient_020/node-4/patch_27.jpg
892,4x,center_1,patient_020,patient_020_node-4,ffpe_macro,breast_patch/camelyon17_patch_use/training_macro-4X/center_1/patient_020/node-4/patch_13.jpg
893,4x,center_1,patient_020,patient_020_node-4,ffpe_macro,breast_patch/camelyon17_patch_use/training_macro-4X/center_1/patient_020/node-4/patch_23.jpg
894,4x,center_1,patient_020,patient_020_node-4,ffpe_macro,breast_patch/camelyon17_patch_use/training_macro-4X/center_1/patient_020/node-4/patch_14.jpg
895,4x,center_1,patient_020,patient_020_node-4,ffpe_macro,breast_patch/camelyon17_patch_use/training_macro-4X/center_1/patient_020/node-4/patch_5.jpg
896,4x,center_1,patient_020,patient_020_node-4,ffpe_macro,breast_patch/camelyon17_patch_use/training_macro-4X/center_1/patient_020/node-4/patch_39.jpg
897,4x,center_1,patient_020,patient_020_node-4,ffpe_macro,breast_patch/camelyon17_patch_use/training_macro-4X/center_1/patient_020/node-4/patch_35.jpg
898,4x,center_1,patient_020,patient_020_node-4,ffpe_macro,breast_patch/camelyon17_patch_use/training_macro-4X/center_1/patient_020/node-4/patch_37.jpg
899,4x,center_1,patient_020,patient_020_node-4,ffpe_macro,breast_patch/camelyon17_patch_use/training_macro-4X/center_1/patient_020/node-4/patch_19.jpg
900,4x,center_1,patient_020,patient_020_node-4,ffpe_macro,breast_patch/camelyon17_patch_use/training_macro-4X/center_1/patient_020/node-4/patch_24.jpg
901,4x,center_1,patient_020,patient_020_node-4,ffpe_macro,breast_patch/camelyon17_patch_use/training_macro-4X/center_1/patient_020/node-4/patch_4.jpg
902,4x,center_1,patient_020,patient_020_node-4,ffpe_macro,breast_patch/camelyon17_patch_use/training_macro-4X/center_1/patient_020/node-4/patch_2.jpg
2551,4x,center_0,patient_018,patient_018_node-2,ffpe_micro,breast_patch/camelyon17_patch_use/training_micro-4X/center_0/patient_018/node-2/patch_38.jpg
2552,4x,center_0,patient_018,patient_018_node-2,ffpe_micro,breast_patch/camelyon17_patch_use/training_micro-4X/center_0/patient_018/node-2/patch_62.jpg
2553,4x,center_0,patient_018,patient_018_node-2,ffpe_micro,breast_patch/camelyon17_patch_use/training_micro-4X/center_0/patient_018/node-2/patch_28.jpg
2554,4x,center_0,patient_018,patient_018_node-2,ffpe_micro,breast_patch/camelyon17_patch_use/training_micro-4X/center_0/patient_018/node-2/patch_74.jpg
2555,4x,center_0,patient_018,patient_018_node-2,ffpe_micro,breast_patch/camelyon17_patch_use/training_micro-4X/center_0/patient_018/node-2/patch_29.jpg
2556,4x,center_0,patient_018,patient_018_node-2,ffpe_micro,breast_patch/camelyon17_patch_use/training_micro-4X/center_0/patient_018/node-2/patch_63.jpg
2557,4x,center_0,patient_018,patient_018_node-2,ffpe_micro,breast_patch/camelyon17_patch_use/training_micro-4X/center_0/patient_018/node-2/patch_27.jpg
2558,4x,center_0,patient_018,patient_018_node-2,ffpe_micro,breast_patch/camelyon17_patch_use/training_micro-4X/center_0/patient_018/node-2/patch_72.jpg
2559,4x,center_0,patient_018,patient_018_node-2,ffpe_micro,breast_patch/camelyon17_patch_use/training_micro-4X/center_0/patient_018/node-2/patch_75.jpg
2560,4x,center_0,patient_018,patient_018_node-2,ffpe_micro,breast_patch/camelyon17_patch_use/training_micro-4X/center_0/patient_018/node-2/patch_39.jpg
2561,4x,center_0,patient_018,patient_018_node-2,ffpe_micro,breast_patch/camelyon17_patch_use/training_micro-4X/center_0/patient_018/node-2/patch_83.jpg
2562,4x,center_0,patient_018,patient_018_node-2,ffpe_micro,breast_patch/camelyon17_patch_use/training_micro-4X/center_0/patient_018/node-2/patch_50.jpg
2563,4x,center_0,patient_018,patient_018_node-2,ffpe_micro,breast_patch/camelyon17_patch_use/training_micro-4X/center_0/patient_018/node-2/patch_41.jpg
2564,4x,center_0,patient_018,patient_018_node-2,ffpe_micro,breast_patch/camelyon17_patch_use/training_micro-4X/center_0/patient_018/node-2/patch_52.jpg
2565,4x,center_0,patient_018,patient_018_node-2,ffpe_micro,breast_patch/camelyon17_patch_use/training_micro-4X/center_0/patient_018/node-2/patch_64.jpg
2566,4x,center_0,patient_018,patient_018_node-2,ffpe_micro,breast_patch/camelyon17_patch_use/training_micro-4X/center_0/patient_018/node-2/patch_51.jpg
2567,4x,center_0,patient_018,patient_018_node-1,ffpe_micro,breast_patch/camelyon17_patch_use/training_micro-4X/center_0/patient_018/node-1/patch_28.jpg
2568,4x,center_0,patient_018,patient_018_node-1,ffpe_micro,breast_patch/camelyon17_patch_use/training_micro-4X/center_0/patient_018/node-1/patch_21.jpg
2569,4x,center_0,patient_018,patient_018_node-1,ffpe_micro,breast_patch/camelyon17_patch_use/training_micro-4X/center_0/patient_018/node-1/patch_16.jpg
2570,4x,center_0,patient_018,patient_018_node-1,ffpe_micro,breast_patch/camelyon17_patch_use/training_micro-4X/center_0/patient_018/node-1/patch_29.jpg
2571,4x,center_0,patient_018,patient_018_node-1,ffpe_micro,breast_patch/camelyon17_patch_use/training_micro-4X/center_0/patient_018/node-1/patch_42.jpg
2572,4x,center_0,patient_018,patient_018_node-1,ffpe_micro,breast_patch/camelyon17_patch_use/training_micro-4X/center_0/patient_018/node-1/patch_27.jpg
2573,4x,center_0,patient_018,patient_018_node-1,ffpe_micro,breast_patch/camelyon17_patch_use/training_micro-4X/center_0/patient_018/node-1/patch_20.jpg
2574,4x,center_0,patient_018,patient_018_node-1,ffpe_micro,breast_patch/camelyon17_patch_use/training_micro-4X/center_0/patient_018/node-1/patch_30.jpg
2575,4x,center_0,patient_018,patient_018_node-1,ffpe_micro,breast_patch/camelyon17_patch_use/training_micro-4X/center_0/patient_018/node-1/patch_19.jpg
2576,4x,center_0,patient_018,patient_018_node-1,ffpe_micro,breast_patch/camelyon17_patch_use/training_micro-4X/center_0/patient_018/node-1/patch_41.jpg
2577,4x,center_0,patient_018,patient_018_node-1,ffpe_micro,breast_patch/camelyon17_patch_use/training_micro-4X/center_0/patient_018/node-1/patch_52.jpg
2578,4x,center_0,patient_018,patient_018_node-1,ffpe_micro,breast_patch/camelyon17_patch_use/training_micro-4X/center_0/patient_018/node-1/patch_40.jpg
2589,4x,center_0,patient_017,patient_017_node-4,ffpe_micro,breast_patch/camelyon17_patch_use/training_micro-4X/center_0/patient_017/node-4/patch_39.jpg
2590,4x,center_0,patient_017,patient_017_node-4,ffpe_micro,breast_patch/camelyon17_patch_use/training_micro-4X/center_0/patient_017/node-4/patch_50.jpg
2698,4x,center_3,patient_062,patient_062_node-0,ffpe_micro,breast_patch/camelyon17_patch_use/training_micro-4X/center_3/patient_062/node-0/patch_31.jpg
2699,4x,center_3,patient_062,patient_062_node-0,ffpe_micro,breast_patch/camelyon17_patch_use/training_micro-4X/center_3/patient_062/node-0/patch_28.jpg
2700,4x,center_3,patient_062,patient_062_node-0,ffpe_micro,breast_patch/camelyon17_patch_use/training_micro-4X/center_3/patient_062/node-0/patch_44.jpg
2701,4x,center_3,patient_062,patient_062_node-0,ffpe_micro,breast_patch/camelyon17_patch_use/training_micro-4X/center_3/patient_062/node-0/patch_54.jpg
2702,4x,center_3,patient_062,patient_062_node-0,ffpe_micro,breast_patch/camelyon17_patch_use/training_micro-4X/center_3/patient_062/node-0/patch_55.jpg
2703,4x,center_3,patient_062,patient_062_node-0,ffpe_micro,breast_patch/camelyon17_patch_use/training_micro-4X/center_3/patient_062/node-0/patch_18.jpg
2704,4x,center_3,patient_062,patient_062_node-0,ffpe_micro,breast_patch/camelyon17_patch_use/training_micro-4X/center_3/patient_062/node-0/patch_29.jpg
2705,4x,center_3,patient_062,patient_062_node-0,ffpe_micro,breast_patch/camelyon17_patch_use/training_micro-4X/center_3/patient_062/node-0/patch_42.jpg
2706,4x,center_3,patient_062,patient_062_node-0,ffpe_micro,breast_patch/camelyon17_patch_use/training_micro-4X/center_3/patient_062/node-0/patch_65.jpg
2707,4x,center_3,patient_062,patient_062_node-0,ffpe_micro,breast_patch/camelyon17_patch_use/training_micro-4X/center_3/patient_062/node-0/patch_30.jpg
2708,4x,center_3,patient_062,patient_062_node-0,ffpe_micro,breast_patch/camelyon17_patch_use/training_micro-4X/center_3/patient_062/node-0/patch_19.jpg
2709,4x,center_3,patient_062,patient_062_node-0,ffpe_micro,breast_patch/camelyon17_patch_use/training_micro-4X/center_3/patient_062/node-0/patch_43.jpg
2710,4x,center_3,patient_062,patient_062_node-0,ffpe_micro,breast_patch/camelyon17_patch_use/training_micro-4X/center_3/patient_062/node-0/patch_41.jpg
2711,4x,center_3,patient_062,patient_062_node-0,ffpe_micro,breast_patch/camelyon17_patch_use/training_micro-4X/center_3/patient_062/node-0/patch_53.jpg
3419,4x,center_0,patient_016,patient_016_node-3,ffpe_normal,breast_patch/camelyon17_patch_use/training_negative-4X/center_0/patient_016/node-3/patch_24.jpg
3389,4x,center_0,patient_016,patient_016_node-3,ffpe_normal,breast_patch/camelyon17_patch_use/training_negative-4X/center_0/patient_016/node-3/patch_13.jpg
3406,4x,center_0,patient_016,patient_016_node-3,ffpe_normal,breast_patch/camelyon17_patch_use/training_negative-4X/center_0/patient_016/node-3/patch_68.jpg
3381,4x,center_0,patient_016,patient_016_node-3,ffpe_normal,breast_patch/camelyon17_patch_use/training_negative-4X/center_0/patient_016/node-3/patch_34.jpg
3380,4x,center_0,patient_016,patient_016_node-3,ffpe_normal,breast_patch/camelyon17_patch_use/training_negative-4X/center_0/patient_016/node-3/patch_94.jpg
3375,4x,center_0,patient_016,patient_016_node-3,ffpe_normal,breast_patch/camelyon17_patch_use/training_negative-4X/center_0/patient_016/node-3/patch_56.jpg
3358,4x,center_0,patient_016,patient_016_node-3,ffpe_normal,breast_patch/camelyon17_patch_use/training_negative-4X/center_0/patient_016/node-3/patch_46.jpg
3416,4x,center_0,patient_016,patient_016_node-3,ffpe_normal,breast_patch/camelyon17_patch_use/training_negative-4X/center_0/patient_016/node-3/patch_71.jpg
3839,4x,center_0,patient_017,patient_017_node-0,ffpe_normal,breast_patch/camelyon17_patch_use/training_negative-4X/center_0/patient_017/node-0/patch_52.jpg
3842,4x,center_0,patient_017,patient_017_node-0,ffpe_normal,breast_patch/camelyon17_patch_use/training_negative-4X/center_0/patient_017/node-0/patch_2.jpg
3810,4x,center_0,patient_017,patient_017_node-0,ffpe_normal,breast_patch/camelyon17_patch_use/training_negative-4X/center_0/patient_017/node-0/patch_15.jpg
4051,4x,center_0,patient_004,patient_004_node-1,ffpe_normal,breast_patch/camelyon17_patch_use/training_negative-4X/center_0/patient_004/node-1/patch_76.jpg
4059,4x,center_0,patient_004,patient_004_node-1,ffpe_normal,breast_patch/camelyon17_patch_use/training_negative-4X/center_0/patient_004/node-1/patch_89.jpg
3997,4x,center_0,patient_004,patient_004_node-1,ffpe_normal,breast_patch/camelyon17_patch_use/training_negative-4X/center_0/patient_004/node-1/patch_38.jpg
4042,4x,center_0,patient_004,patient_004_node-1,ffpe_normal,breast_patch/camelyon17_patch_use/training_negative-4X/center_0/patient_004/node-1/patch_19.jpg
4002,4x,center_0,patient_004,patient_004_node-1,ffpe_normal,breast_patch/camelyon17_patch_use/training_negative-4X/center_0/patient_004/node-1/patch_91.jpg
4390,4x,center_3,patient_066,patient_066_node-0,ffpe_normal,breast_patch/camelyon17_patch_use/training_negative-4X/center_3/patient_066/node-0/patch_70.jpg
4421,4x,center_3,patient_066,patient_066_node-0,ffpe_normal,breast_patch/camelyon17_patch_use/training_negative-4X/center_3/patient_066/node-0/patch_63.jpg
4396,4x,center_3,patient_066,patient_066_node-0,ffpe_normal,breast_patch/camelyon17_patch_use/training_negative-4X/center_3/patient_066/node-0/patch_61.jpg
4386,4x,center_3,patient_066,patient_066_node-0,ffpe_normal,breast_patch/camelyon17_patch_use/training_negative-4X/center_3/patient_066/node-0/patch_38.jpg
4431,4x,center_3,patient_066,patient_066_node-0,ffpe_normal,breast_patch/camelyon17_patch_use/training_negative-4X/center_3/patient_066/node-0/patch_75.jpg
4433,4x,center_3,patient_066,patient_066_node-0,ffpe_normal,breast_patch/camelyon17_patch_use/training_negative-4X/center_3/patient_066/node-0/patch_20.jpg
4508,4x,center_3,patient_066,patient_066_node-4,ffpe_normal,breast_patch/camelyon17_patch_use/training_negative-4X/center_3/patient_066/node-4/patch_50.jpg
4478,4x,center_3,patient_066,patient_066_node-4,ffpe_normal,breast_patch/camelyon17_patch_use/training_negative-4X/center_3/patient_066/node-4/patch_1.jpg
4466,4x,center_3,patient_066,patient_066_node-4,ffpe_normal,breast_patch/camelyon17_patch_use/training_negative-4X/center_3/patient_066/node-4/patch_70.jpg
4471,4x,center_3,patient_066,patient_066_node-4,ffpe_normal,breast_patch/camelyon17_patch_use/training_negative-4X/center_3/patient_066/node-4/patch_26.jpg
4490,4x,center_3,patient_066,patient_066_node-4,ffpe_normal,breast_patch/camelyon17_patch_use/training_negative-4X/center_3/patient_066/node-4/patch_16.jpg
4740,4x,center_3,patient_061,patient_061_node-0,ffpe_normal,breast_patch/camelyon17_patch_use/training_negative-4X/center_3/patient_061/node-0/patch_7.jpg
4771,4x,center_3,patient_061,patient_061_node-0,ffpe_normal,breast_patch/camelyon17_patch_use/training_negative-4X/center_3/patient_061/node-0/patch_63.jpg
4746,4x,center_3,patient_061,patient_061_node-0,ffpe_normal,breast_patch/camelyon17_patch_use/training_negative-4X/center_3/patient_061/node-0/patch_58.jpg
4736,4x,center_3,patient_061,patient_061_node-0,ffpe_normal,breast_patch/camelyon17_patch_use/training_negative-4X/center_3/patient_061/node-0/patch_38.jpg
4781,4x,center_3,patient_061,patient_061_node-0,ffpe_normal,breast_patch/camelyon17_patch_use/training_negative-4X/center_3/patient_061/node-0/patch_88.jpg
4783,4x,center_3,patient_061,patient_061_node-0,ffpe_normal,breast_patch/camelyon17_patch_use/training_negative-4X/center_3/patient_061/node-0/patch_57.jpg
5194,4x,center_3,patient_074,patient_074_node-2,ffpe_normal,breast_patch/camelyon17_patch_use/training_negative-4X/center_3/patient_074/node-2/patch_38.jpg
5199,4x,center_3,patient_074,patient_074_node-2,ffpe_normal,breast_patch/camelyon17_patch_use/training_negative-4X/center_3/patient_074/node-2/patch_26.jpg
5224,4x,center_3,patient_074,patient_074_node-2,ffpe_normal,breast_patch/camelyon17_patch_use/training_negative-4X/center_3/patient_074/node-2/patch_13.jpg
5207,4x,center_3,patient_074,patient_074_node-2,ffpe_normal,breast_patch/camelyon17_patch_use/training_negative-4X/center_3/patient_074/node-2/patch_36.jpg
5228,4x,center_3,patient_074,patient_074_node-2,ffpe_normal,breast_patch/camelyon17_patch_use/training_negative-4X/center_3/patient_074/node-2/patch_14.jpg
5329,4x,center_3,patient_074,patient_074_node-1,ffpe_normal,breast_patch/camelyon17_patch_use/training_negative-4X/center_3/patient_074/node-1/patch_1.jpg
5355,4x,center_3,patient_074,patient_074_node-1,ffpe_normal,breast_patch/camelyon17_patch_use/training_negative-4X/center_3/patient_074/node-1/patch_37.jpg
5346,4x,center_3,patient_074,patient_074_node-1,ffpe_normal,breast_patch/camelyon17_patch_use/training_negative-4X/center_3/patient_074/node-1/patch_23.jpg
5361,4x,center_3,patient_074,patient_074_node-1,ffpe_normal,breast_patch/camelyon17_patch_use/training_negative-4X/center_3/patient_074/node-1/patch_51.jpg
5458,4x,center_3,patient_067,patient_067_node-1,ffpe_normal,breast_patch/camelyon17_patch_use/training_negative-4X/center_3/patient_067/node-1/patch_49.jpg
5436,4x,center_3,patient_067,patient_067_node-1,ffpe_normal,breast_patch/camelyon17_patch_use/training_negative-4X/center_3/patient_067/node-1/patch_38.jpg
5483,4x,center_3,patient_067,patient_067_node-1,ffpe_normal,breast_patch/camelyon17_patch_use/training_negative-4X/center_3/patient_067/node-1/patch_68.jpg
5440,4x,center_3,patient_067,patient_067_node-1,ffpe_normal,breast_patch/camelyon17_patch_use/training_negative-4X/center_3/patient_067/node-1/patch_70.jpg
5489,4x,center_3,patient_067,patient_067_node-1,ffpe_normal,breast_patch/camelyon17_patch_use/training_negative-4X/center_3/patient_067/node-1/patch_71.jpg
5454,4x,center_3,patient_067,patient_067_node-1,ffpe_normal,breast_patch/camelyon17_patch_use/training_negative-4X/center_3/patient_067/node-1/patch_54.jpg
6327,4x,center_1,patient_021,patient_021_node-2,ffpe_normal,breast_patch/camelyon17_patch_use/training_negative-4X/center_1/patient_021/node-2/patch_54.jpg
6362,4x,center_1,patient_021,patient_021_node-2,ffpe_normal,breast_patch/camelyon17_patch_use/training_negative-4X/center_1/patient_021/node-2/patch_57.jpg
6361,4x,center_1,patient_021,patient_021_node-2,ffpe_normal,breast_patch/camelyon17_patch_use/training_negative-4X/center_1/patient_021/node-2/patch_112.jpg
6350,4x,center_1,patient_021,patient_021_node-2,ffpe_normal,breast_patch/camelyon17_patch_use/training_negative-4X/center_1/patient_021/node-2/patch_72.jpg
6342,4x,center_1,patient_021,patient_021_node-2,ffpe_normal,breast_patch/camelyon17_patch_use/training_negative-4X/center_1/patient_021/node-2/patch_18.jpg
6390,4x,center_1,patient_021,patient_021_node-2,ffpe_normal,breast_patch/camelyon17_patch_use/training_negative-4X/center_1/patient_021/node-2/patch_64.jpg
6388,4x,center_1,patient_021,patient_021_node-2,ffpe_normal,breast_patch/camelyon17_patch_use/training_negative-4X/center_1/patient_021/node-2/patch_52.jpg
6344,4x,center_1,patient_021,patient_021_node-2,ffpe_normal,breast_patch/camelyon17_patch_use/training_negative-4X/center_1/patient_021/node-2/patch_63.jpg
6401,4x,center_1,patient_020,patient_020_node-0,ffpe_normal,breast_patch/camelyon17_patch_use/training_negative-4X/center_1/patient_020/node-0/patch_38.jpg
6406,4x,center_1,patient_020,patient_020_node-0,ffpe_normal,breast_patch/camelyon17_patch_use/training_negative-4X/center_1/patient_020/node-0/patch_8.jpg
6437,4x,center_1,patient_020,patient_020_node-0,ffpe_normal,breast_patch/camelyon17_patch_use/training_negative-4X/center_1/patient_020/node-0/patch_57.jpg
6446,4x,center_1,patient_020,patient_020_node-0,ffpe_normal,breast_patch/camelyon17_patch_use/training_negative-4X/center_1/patient_020/node-0/patch_90.jpg
6414,4x,center_1,patient_020,patient_020_node-0,ffpe_normal,breast_patch/camelyon17_patch_use/training_negative-4X/center_1/patient_020/node-0/patch_44.jpg
6483,4x,center_1,patient_020,patient_020_node-3,ffpe_normal,breast_patch/camelyon17_patch_use/training_negative-4X/center_1/patient_020/node-3/patch_80.jpg
6461,4x,center_1,patient_020,patient_020_node-3,ffpe_normal,breast_patch/camelyon17_patch_use/training_negative-4X/center_1/patient_020/node-3/patch_38.jpg
6510,4x,center_1,patient_020,patient_020_node-3,ffpe_normal,breast_patch/camelyon17_patch_use/training_negative-4X/center_1/patient_020/node-3/patch_67.jpg
6465,4x,center_1,patient_020,patient_020_node-3,ffpe_normal,breast_patch/camelyon17_patch_use/training_negative-4X/center_1/patient_020/node-3/patch_70.jpg
6515,4x,center_1,patient_020,patient_020_node-3,ffpe_normal,breast_patch/camelyon17_patch_use/training_negative-4X/center_1/patient_020/node-3/patch_24.jpg
6479,4x,center_1,patient_020,patient_020_node-3,ffpe_normal,breast_patch/camelyon17_patch_use/training_negative-4X/center_1/patient_020/node-3/patch_3.jpg
7186,4x,center_1,patient_027,patient_027_node-1,ffpe_normal,breast_patch/camelyon17_patch_use/training_negative-4X/center_1/patient_027/node-1/patch_34.jpg
7168,4x,center_1,patient_027,patient_027_node-1,ffpe_normal,breast_patch/camelyon17_patch_use/training_negative-4X/center_1/patient_027/node-1/patch_1.jpg
7201,4x,center_1,patient_027,patient_027_node-1,ffpe_normal,breast_patch/camelyon17_patch_use/training_negative-4X/center_1/patient_027/node-1/patch_112.jpg
7216,4x,center_1,patient_027,patient_027_node-1,ffpe_normal,breast_patch/camelyon17_patch_use/training_negative-4X/center_1/patient_027/node-1/patch_96.jpg
7146,4x,center_1,patient_027,patient_027_node-1,ffpe_normal,breast_patch/camelyon17_patch_use/training_negative-4X/center_1/patient_027/node-1/patch_62.jpg
7172,4x,center_1,patient_027,patient_027_node-1,ffpe_normal,breast_patch/camelyon17_patch_use/training_negative-4X/center_1/patient_027/node-1/patch_81.jpg
7185,4x,center_1,patient_027,patient_027_node-1,ffpe_normal,breast_patch/camelyon17_patch_use/training_negative-4X/center_1/patient_027/node-1/patch_60.jpg
7656,4x,center_1,patient_038,patient_038_node-3,ffpe_normal,breast_patch/camelyon17_patch_use/training_negative-4X/center_1/patient_038/node-3/patch_76.jpg
7663,4x,center_1,patient_038,patient_038_node-3,ffpe_normal,breast_patch/camelyon17_patch_use/training_negative-4X/center_1/patient_038/node-3/patch_2.jpg
7603,4x,center_1,patient_038,patient_038_node-3,ffpe_normal,breast_patch/camelyon17_patch_use/training_negative-4X/center_1/patient_038/node-3/patch_62.jpg
7648,4x,center_1,patient_038,patient_038_node-3,ffpe_normal,breast_patch/camelyon17_patch_use/training_negative-4X/center_1/patient_038/node-3/patch_19.jpg
7608,4x,center_1,patient_038,patient_038_node-3,ffpe_normal,breast_patch/camelyon17_patch_use/training_negative-4X/center_1/patient_038/node-3/patch_26.jpg
7960,4x,center_1,patient_039,patient_039_node-4,ffpe_normal,breast_patch/camelyon17_patch_use/training_negative-4X/center_1/patient_039/node-4/patch_35.jpg
7972,4x,center_1,patient_039,patient_039_node-4,ffpe_normal,breast_patch/camelyon17_patch_use/training_negative-4X/center_1/patient_039/node-4/patch_52.jpg
7959,4x,center_1,patient_039,patient_039_node-4,ffpe_normal,breast_patch/camelyon17_patch_use/training_negative-4X/center_1/patient_039/node-4/patch_20.jpg
7976,4x,center_1,patient_039,patient_039_node-4,ffpe_normal,breast_patch/camelyon17_patch_use/training_negative-4X/center_1/patient_039/node-4/patch_32.jpg
8056,4x,center_1,patient_024,patient_024_node-0,ffpe_normal,breast_patch/camelyon17_patch_use/training_negative-4X/center_1/patient_024/node-0/patch_69.jpg
7980,4x,center_1,patient_024,patient_024_node-0,ffpe_normal,breast_patch/camelyon17_patch_use/training_negative-4X/center_1/patient_024/node-0/patch_38.jpg
8006,4x,center_1,patient_024,patient_024_node-0,ffpe_normal,breast_patch/camelyon17_patch_use/training_negative-4X/center_1/patient_024/node-0/patch_80.jpg
8002,4x,center_1,patient_024,patient_024_node-0,ffpe_normal,breast_patch/camelyon17_patch_use/training_negative-4X/center_1/patient_024/node-0/patch_3.jpg
7992,4x,center_1,patient_024,patient_024_node-0,ffpe_normal,breast_patch/camelyon17_patch_use/training_negative-4X/center_1/patient_024/node-0/patch_91.jpg
8047,4x,center_1,patient_024,patient_024_node-0,ffpe_normal,breast_patch/camelyon17_patch_use/training_negative-4X/center_1/patient_024/node-0/patch_33.jpg
7990,4x,center_1,patient_024,patient_024_node-0,ffpe_normal,breast_patch/camelyon17_patch_use/training_negative-4X/center_1/patient_024/node-0/patch_61.jpg
8151,4x,center_1,patient_024,patient_024_node-3,ffpe_normal,breast_patch/camelyon17_patch_use/training_negative-4X/center_1/patient_024/node-3/patch_53.jpg
8122,4x,center_1,patient_024,patient_024_node-3,ffpe_normal,breast_patch/camelyon17_patch_use/training_negative-4X/center_1/patient_024/node-3/patch_14.jpg
8133,4x,center_1,patient_024,patient_024_node-3,ffpe_normal,breast_patch/camelyon17_patch_use/training_negative-4X/center_1/patient_024/node-3/patch_83.jpg
8134,4x,center_1,patient_024,patient_024_node-3,ffpe_normal,breast_patch/camelyon17_patch_use/training_negative-4X/center_1/patient_024/node-3/patch_35.jpg
8112,4x,center_1,patient_024,patient_024_node-3,ffpe_normal,breast_patch/camelyon17_patch_use/training_negative-4X/center_1/patient_024/node-3/patch_29.jpg
8106,4x,center_1,patient_024,patient_024_node-3,ffpe_normal,breast_patch/camelyon17_patch_use/training_negative-4X/center_1/patient_024/node-3/patch_45.jpg
8089,4x,center_1,patient_024,patient_024_node-3,ffpe_normal,breast_patch/camelyon17_patch_use/training_negative-4X/center_1/patient_024/node-3/patch_44.jpg
8111,4x,center_1,patient_024,patient_024_node-3,ffpe_normal,breast_patch/camelyon17_patch_use/training_negative-4X/center_1/patient_024/node-3/patch_18.jpg
8245,4x,center_1,patient_022,patient_022_node-2,ffpe_normal,breast_patch/camelyon17_patch_use/training_negative-4X/center_1/patient_022/node-2/patch_59.jpg
8178,4x,center_1,patient_022,patient_022_node-2,ffpe_normal,breast_patch/camelyon17_patch_use/training_negative-4X/center_1/patient_022/node-2/patch_87.jpg
8172,4x,center_1,patient_022,patient_022_node-2,ffpe_normal,breast_patch/camelyon17_patch_use/training_negative-4X/center_1/patient_022/node-2/patch_84.jpg
8251,4x,center_1,patient_022,patient_022_node-2,ffpe_normal,breast_patch/camelyon17_patch_use/training_negative-4X/center_1/patient_022/node-2/patch_99.jpg
8230,4x,center_1,patient_022,patient_022_node-2,ffpe_normal,breast_patch/camelyon17_patch_use/training_negative-4X/center_1/patient_022/node-2/patch_5.jpg
8235,4x,center_1,patient_022,patient_022_node-2,ffpe_normal,breast_patch/camelyon17_patch_use/training_negative-4X/center_1/patient_022/node-2/patch_57.jpg
8198,4x,center_1,patient_022,patient_022_node-2,ffpe_normal,breast_patch/camelyon17_patch_use/training_negative-4X/center_1/patient_022/node-2/patch_3.jpg
8213,4x,center_1,patient_022,patient_022_node-2,ffpe_normal,breast_patch/camelyon17_patch_use/training_negative-4X/center_1/patient_022/node-2/patch_60.jpg
8263,4x,center_1,patient_022,patient_022_node-2,ffpe_normal,breast_patch/camelyon17_patch_use/training_negative-4X/center_1/patient_022/node-2/patch_69.jpg
8316,4x,center_1,patient_022,patient_022_node-3,ffpe_normal,breast_patch/camelyon17_patch_use/training_negative-4X/center_1/patient_022/node-3/patch_94.jpg
8298,4x,center_1,patient_022,patient_022_node-3,ffpe_normal,breast_patch/camelyon17_patch_use/training_negative-4X/center_1/patient_022/node-3/patch_1.jpg
8331,4x,center_1,patient_022,patient_022_node-3,ffpe_normal,breast_patch/camelyon17_patch_use/training_negative-4X/center_1/patient_022/node-3/patch_88.jpg
8348,4x,center_1,patient_022,patient_022_node-3,ffpe_normal,breast_patch/camelyon17_patch_use/training_negative-4X/center_1/patient_022/node-3/patch_71.jpg
8276,4x,center_1,patient_022,patient_022_node-3,ffpe_normal,breast_patch/camelyon17_patch_use/training_negative-4X/center_1/patient_022/node-3/patch_38.jpg
8302,4x,center_1,patient_022,patient_022_node-3,ffpe_normal,breast_patch/camelyon17_patch_use/training_negative-4X/center_1/patient_022/node-3/patch_3.jpg
8315,4x,center_1,patient_022,patient_022_node-3,ffpe_normal,breast_patch/camelyon17_patch_use/training_negative-4X/center_1/patient_022/node-3/patch_60.jpg
2805,4x,center_1,patient_022,patient_022_node-0,ffpe_micro,breast_patch/camelyon17_patch_use/training_micro-4X/center_1/patient_022/node-0/patch_27.jpg
2823,4x,center_1,patient_026,patient_026_node-1,ffpe_micro,breast_patch/camelyon17_patch_use/training_micro-4X/center_1/patient_026/node-1/patch_38.jpg
2824,4x,center_1,patient_026,patient_026_node-1,ffpe_micro,breast_patch/camelyon17_patch_use/training_micro-4X/center_1/patient_026/node-1/patch_31.jpg
2825,4x,center_1,patient_026,patient_026_node-1,ffpe_micro,breast_patch/camelyon17_patch_use/training_micro-4X/center_1/patient_026/node-1/patch_23.jpg
2826,4x,center_1,patient_026,patient_026_node-1,ffpe_micro,breast_patch/camelyon17_patch_use/training_micro-4X/center_1/patient_026/node-1/patch_24.jpg
8598,4x,center_1,patient_036,patient_036_node-4,ffpe_normal,breast_patch/camelyon17_patch_use/training_negative-4X/center_1/patient_036/node-4/patch_37.jpg
8530,4x,center_1,patient_036,patient_036_node-4,ffpe_normal,breast_patch/camelyon17_patch_use/training_negative-4X/center_1/patient_036/node-4/patch_87.jpg
8524,4x,center_1,patient_036,patient_036_node-4,ffpe_normal,breast_patch/camelyon17_patch_use/training_negative-4X/center_1/patient_036/node-4/patch_84.jpg
8604,4x,center_1,patient_036,patient_036_node-4,ffpe_normal,breast_patch/camelyon17_patch_use/training_negative-4X/center_1/patient_036/node-4/patch_96.jpg
8584,4x,center_1,patient_036,patient_036_node-4,ffpe_normal,breast_patch/camelyon17_patch_use/training_negative-4X/center_1/patient_036/node-4/patch_75.jpg
8588,4x,center_1,patient_036,patient_036_node-4,ffpe_normal,breast_patch/camelyon17_patch_use/training_negative-4X/center_1/patient_036/node-4/patch_30.jpg
9496,4x,center_4,patient_088,patient_088_node-3,ffpe_normal,breast_patch/camelyon17_patch_use/training_negative-4X/center_4/patient_088/node-3/patch_24.jpg
9502,4x,center_4,patient_088,patient_088_node-3,ffpe_normal,breast_patch/camelyon17_patch_use/training_negative-4X/center_4/patient_088/node-3/patch_51.jpg
9446,4x,center_4,patient_088,patient_088_node-3,ffpe_normal,breast_patch/camelyon17_patch_use/training_negative-4X/center_4/patient_088/node-3/patch_38.jpg
9901,4x,center_4,patient_087,patient_087_node-3,ffpe_normal,breast_patch/camelyon17_patch_use/training_negative-4X/center_4/patient_087/node-3/patch_41.jpg
9898,4x,center_4,patient_087,patient_087_node-3,ffpe_normal,breast_patch/camelyon17_patch_use/training_negative-4X/center_4/patient_087/node-3/patch_19.jpg
9904,4x,center_4,patient_087,patient_087_node-3,ffpe_normal,breast_patch/camelyon17_patch_use/training_negative-4X/center_4/patient_087/node-3/patch_48.jpg
