ID,Resolution,WSI,Node,Class,Image_path,Center
50,4x,FFPE-P(22),FFPE-P(22)-node-0,ffpe_micro,multi_centers/patch_use/zhongshaneryuan_patches/ffpe/micro-4X/FFPE-P(22)/node-0/x=19910_y=23534_w=8840_h=5791/patch_38.jpg,zhongshaneryuan
51,4x,FFPE-P(22),FFPE-P(22)-node-0,ffpe_micro,multi_centers/patch_use/zhongshaneryuan_patches/ffpe/micro-4X/FFPE-P(22)/node-0/x=19910_y=23534_w=8840_h=5791/patch_62.jpg,zhongshaneryuan
52,4x,FFPE-P(22),FFPE-P(22)-node-0,ffpe_micro,multi_centers/patch_use/zhongshaneryuan_patches/ffpe/micro-4X/FFPE-P(22)/node-0/x=19910_y=23534_w=8840_h=5791/patch_61.jpg,zhongshaneryuan
53,4x,FFPE-P(22),FFPE-P(22)-node-0,ffpe_micro,multi_centers/patch_use/zhongshaneryuan_patches/ffpe/micro-4X/FFPE-P(22)/node-0/x=19910_y=23534_w=8840_h=5791/patch_15.jpg,zhongshaneryuan
54,4x,FFPE-P(22),FFPE-P(22)-node-0,ffpe_micro,multi_centers/patch_use/zhongshaneryuan_patches/ffpe/micro-4X/FFPE-P(22)/node-0/x=19910_y=23534_w=8840_h=5791/patch_26.jpg,zhongshaneryuan
55,4x,FFPE-P(22),FFPE-P(22)-node-0,ffpe_micro,multi_centers/patch_use/zhongshaneryuan_patches/ffpe/micro-4X/FFPE-P(22)/node-0/x=19910_y=23534_w=8840_h=5791/patch_37.jpg,zhongshaneryuan
56,4x,FFPE-P(22),FFPE-P(22)-node-0,ffpe_micro,multi_centers/patch_use/zhongshaneryuan_patches/ffpe/micro-4X/FFPE-P(22)/node-0/x=19910_y=23534_w=8840_h=5791/patch_50.jpg,zhongshaneryuan
57,4x,FFPE-P(22),FFPE-P(22)-node-0,ffpe_micro,multi_centers/patch_use/zhongshaneryuan_patches/ffpe/micro-4X/FFPE-P(22)/node-0/x=19910_y=23534_w=8840_h=5791/patch_49.jpg,zhongshaneryuan
58,4x,FFPE-P(22),FFPE-P(22)-node-0,ffpe_micro,multi_centers/patch_use/zhongshaneryuan_patches/ffpe/micro-4X/FFPE-P(22)/node-0/x=19910_y=23534_w=8840_h=5791/patch_48.jpg,zhongshaneryuan
59,4x,FFPE-P(22),FFPE-P(22)-node-0,ffpe_micro,multi_centers/patch_use/zhongshaneryuan_patches/ffpe/micro-4X/FFPE-P(22)/node-0/x=19910_y=23534_w=8840_h=5791/patch_60.jpg,zhongshaneryuan
60,4x,FFPE-P(42),FFPE-P(42)-node-0,ffpe_micro,multi_centers/patch_use/zhongshaneryuan_patches/ffpe/micro-4X/FFPE-P(42)/node-0/x=12849_y=16968_w=8732_h=6141/patch_38.jpg,zhongshaneryuan
61,4x,FFPE-P(42),FFPE-P(42)-node-0,ffpe_micro,multi_centers/patch_use/zhongshaneryuan_patches/ffpe/micro-4X/FFPE-P(42)/node-0/x=12849_y=16968_w=8732_h=6141/patch_37.jpg,zhongshaneryuan
62,4x,FFPE-P(42),FFPE-P(42)-node-0,ffpe_micro,multi_centers/patch_use/zhongshaneryuan_patches/ffpe/micro-4X/FFPE-P(42)/node-0/x=12849_y=16968_w=8732_h=6141/patch_49.jpg,zhongshaneryuan
63,4x,FFPE-P(42),FFPE-P(42)-node-0,ffpe_micro,multi_centers/patch_use/zhongshaneryuan_patches/ffpe/micro-4X/FFPE-P(42)/node-0/x=12849_y=16968_w=8732_h=6141/patch_48.jpg,zhongshaneryuan
66,4x,FFPE-P(1),FFPE-P(1)-node-0,ffpe_micro,multi_centers/patch_use/zhongshaneryuan_patches/ffpe/micro-4X/FFPE-P(1)/node-0/x=29430_y=164_w=8543_h=6026/patch_36.jpg,zhongshaneryuan
67,4x,FFPE-P(1),FFPE-P(1)-node-0,ffpe_micro,multi_centers/patch_use/zhongshaneryuan_patches/ffpe/micro-4X/FFPE-P(1)/node-0/x=29430_y=164_w=8543_h=6026/patch_47.jpg,zhongshaneryuan
68,4x,FFPE-P(1),FFPE-P(1)-node-0,ffpe_micro,multi_centers/patch_use/zhongshaneryuan_patches/ffpe/micro-4X/FFPE-P(1)/node-0/x=29430_y=164_w=8543_h=6026/patch_37.jpg,zhongshaneryuan
69,4x,FFPE-P(1),FFPE-P(1)-node-0,ffpe_micro,multi_centers/patch_use/zhongshaneryuan_patches/ffpe/micro-4X/FFPE-P(1)/node-0/x=29430_y=164_w=8543_h=6026/patch_49.jpg,zhongshaneryuan
70,4x,FFPE-P(1),FFPE-P(1)-node-0,ffpe_micro,multi_centers/patch_use/zhongshaneryuan_patches/ffpe/micro-4X/FFPE-P(1)/node-0/x=29430_y=164_w=8543_h=6026/patch_48.jpg,zhongshaneryuan
83,4x,FFPE-P(37),FFPE-P(37)-node-0,ffpe_micro,multi_centers/patch_use/zhongshaneryuan_patches/ffpe/micro-4X/FFPE-P(37)/node-0/x=7784_y=6265_w=8862_h=5822/patch_49.jpg,zhongshaneryuan
84,4x,FFPE-P(37),FFPE-P(37)-node-0,ffpe_micro,multi_centers/patch_use/zhongshaneryuan_patches/ffpe/micro-4X/FFPE-P(37)/node-0/x=7784_y=6265_w=8862_h=5822/patch_60.jpg,zhongshaneryuan
249,4x,FFPE-P(46),FFPE-P(46)-node-0,ffpe_micro,multi_centers/patch_use/zhongshaneryuan_patches/ffpe/micro-4X/FFPE-P(46)/node-0/x=6808_y=25130_w=8976_h=5751/patch_38.jpg,zhongshaneryuan
250,4x,FFPE-P(46),FFPE-P(46)-node-0,ffpe_micro,multi_centers/patch_use/zhongshaneryuan_patches/ffpe/micro-4X/FFPE-P(46)/node-0/x=6808_y=25130_w=8976_h=5751/patch_47.jpg,zhongshaneryuan
251,4x,FFPE-P(46),FFPE-P(46)-node-0,ffpe_micro,multi_centers/patch_use/zhongshaneryuan_patches/ffpe/micro-4X/FFPE-P(46)/node-0/x=6808_y=25130_w=8976_h=5751/patch_58.jpg,zhongshaneryuan
252,4x,FFPE-P(46),FFPE-P(46)-node-0,ffpe_micro,multi_centers/patch_use/zhongshaneryuan_patches/ffpe/micro-4X/FFPE-P(46)/node-0/x=6808_y=25130_w=8976_h=5751/patch_70.jpg,zhongshaneryuan
253,4x,FFPE-P(46),FFPE-P(46)-node-0,ffpe_micro,multi_centers/patch_use/zhongshaneryuan_patches/ffpe/micro-4X/FFPE-P(46)/node-0/x=6808_y=25130_w=8976_h=5751/patch_48.jpg,zhongshaneryuan
254,4x,FFPE-P(46),FFPE-P(46)-node-0,ffpe_micro,multi_centers/patch_use/zhongshaneryuan_patches/ffpe/micro-4X/FFPE-P(46)/node-0/x=6808_y=25130_w=8976_h=5751/patch_23.jpg,zhongshaneryuan
255,4x,FFPE-P(46),FFPE-P(46)-node-0,ffpe_micro,multi_centers/patch_use/zhongshaneryuan_patches/ffpe/micro-4X/FFPE-P(46)/node-0/x=6808_y=25130_w=8976_h=5751/patch_59.jpg,zhongshaneryuan
256,4x,FFPE-P(46),FFPE-P(46)-node-0,ffpe_micro,multi_centers/patch_use/zhongshaneryuan_patches/ffpe/micro-4X/FFPE-P(46)/node-0/x=6808_y=25130_w=8976_h=5751/patch_34.jpg,zhongshaneryuan
257,4x,FFPE-P(20),FFPE-P(20)-node-0,ffpe_micro,multi_centers/patch_use/zhongshaneryuan_patches/ffpe/micro-4X/FFPE-P(20)/node-0/x=18418_y=21044_w=8787_h=5926/patch_64.jpg,zhongshaneryuan
258,4x,FFPE-P(20),FFPE-P(20)-node-0,ffpe_micro,multi_centers/patch_use/zhongshaneryuan_patches/ffpe/micro-4X/FFPE-P(20)/node-0/x=18418_y=21044_w=8787_h=5926/patch_63.jpg,zhongshaneryuan
259,4x,FFPE-P(20),FFPE-P(20)-node-0,ffpe_micro,multi_centers/patch_use/zhongshaneryuan_patches/ffpe/micro-4X/FFPE-P(20)/node-0/x=18418_y=21044_w=8787_h=5926/patch_53.jpg,zhongshaneryuan
920,4x,FFPE-N(30),FFPE-N(30)-node-0,ffpe_normal,multi_centers/patch_use/zhongshaneryuan_patches/ffpe/negative-4X/FFPE-N(30)/node-0/x=13267_y=15817_w=9026_h=6188/patch_44.jpg,zhongshaneryuan
921,4x,FFPE-N(30),FFPE-N(30)-node-0,ffpe_normal,multi_centers/patch_use/zhongshaneryuan_patches/ffpe/negative-4X/FFPE-N(30)/node-0/x=13267_y=15817_w=9026_h=6188/patch_5.jpg,zhongshaneryuan
922,4x,FFPE-N(30),FFPE-N(30)-node-0,ffpe_normal,multi_centers/patch_use/zhongshaneryuan_patches/ffpe/negative-4X/FFPE-N(30)/node-0/x=13267_y=15817_w=9026_h=6188/patch_52.jpg,zhongshaneryuan
923,4x,FFPE-N(30),FFPE-N(30)-node-0,ffpe_normal,multi_centers/patch_use/zhongshaneryuan_patches/ffpe/negative-4X/FFPE-N(30)/node-0/x=13267_y=15817_w=9026_h=6188/patch_36.jpg,zhongshaneryuan
924,4x,FFPE-N(30),FFPE-N(30)-node-0,ffpe_normal,multi_centers/patch_use/zhongshaneryuan_patches/ffpe/negative-4X/FFPE-N(30)/node-0/x=13267_y=15817_w=9026_h=6188/patch_38.jpg,zhongshaneryuan
925,4x,FFPE-N(30),FFPE-N(30)-node-0,ffpe_normal,multi_centers/patch_use/zhongshaneryuan_patches/ffpe/negative-4X/FFPE-N(30)/node-0/x=13267_y=15817_w=9026_h=6188/patch_62.jpg,zhongshaneryuan
926,4x,FFPE-N(30),FFPE-N(30)-node-0,ffpe_normal,multi_centers/patch_use/zhongshaneryuan_patches/ffpe/negative-4X/FFPE-N(30)/node-0/x=13267_y=15817_w=9026_h=6188/patch_45.jpg,zhongshaneryuan
927,4x,FFPE-N(30),FFPE-N(30)-node-0,ffpe_normal,multi_centers/patch_use/zhongshaneryuan_patches/ffpe/negative-4X/FFPE-N(30)/node-0/x=13267_y=15817_w=9026_h=6188/patch_31.jpg,zhongshaneryuan
928,4x,FFPE-N(30),FFPE-N(30)-node-0,ffpe_normal,multi_centers/patch_use/zhongshaneryuan_patches/ffpe/negative-4X/FFPE-N(30)/node-0/x=13267_y=15817_w=9026_h=6188/patch_61.jpg,zhongshaneryuan
929,4x,FFPE-N(30),FFPE-N(30)-node-0,ffpe_normal,multi_centers/patch_use/zhongshaneryuan_patches/ffpe/negative-4X/FFPE-N(30)/node-0/x=13267_y=15817_w=9026_h=6188/patch_65.jpg,zhongshaneryuan
930,4x,FFPE-N(30),FFPE-N(30)-node-0,ffpe_normal,multi_centers/patch_use/zhongshaneryuan_patches/ffpe/negative-4X/FFPE-N(30)/node-0/x=13267_y=15817_w=9026_h=6188/patch_15.jpg,zhongshaneryuan
931,4x,FFPE-N(30),FFPE-N(30)-node-0,ffpe_normal,multi_centers/patch_use/zhongshaneryuan_patches/ffpe/negative-4X/FFPE-N(30)/node-0/x=13267_y=15817_w=9026_h=6188/patch_69.jpg,zhongshaneryuan
932,4x,FFPE-N(30),FFPE-N(30)-node-0,ffpe_normal,multi_centers/patch_use/zhongshaneryuan_patches/ffpe/negative-4X/FFPE-N(30)/node-0/x=13267_y=15817_w=9026_h=6188/patch_18.jpg,zhongshaneryuan
933,4x,FFPE-N(30),FFPE-N(30)-node-0,ffpe_normal,multi_centers/patch_use/zhongshaneryuan_patches/ffpe/negative-4X/FFPE-N(30)/node-0/x=13267_y=15817_w=9026_h=6188/patch_32.jpg,zhongshaneryuan
934,4x,FFPE-N(30),FFPE-N(30)-node-0,ffpe_normal,multi_centers/patch_use/zhongshaneryuan_patches/ffpe/negative-4X/FFPE-N(30)/node-0/x=13267_y=15817_w=9026_h=6188/patch_51.jpg,zhongshaneryuan
935,4x,FFPE-N(30),FFPE-N(30)-node-0,ffpe_normal,multi_centers/patch_use/zhongshaneryuan_patches/ffpe/negative-4X/FFPE-N(30)/node-0/x=13267_y=15817_w=9026_h=6188/patch_47.jpg,zhongshaneryuan
936,4x,FFPE-N(30),FFPE-N(30)-node-0,ffpe_normal,multi_centers/patch_use/zhongshaneryuan_patches/ffpe/negative-4X/FFPE-N(30)/node-0/x=13267_y=15817_w=9026_h=6188/patch_42.jpg,zhongshaneryuan
937,4x,FFPE-N(30),FFPE-N(30)-node-0,ffpe_normal,multi_centers/patch_use/zhongshaneryuan_patches/ffpe/negative-4X/FFPE-N(30)/node-0/x=13267_y=15817_w=9026_h=6188/patch_26.jpg,zhongshaneryuan
938,4x,FFPE-N(30),FFPE-N(30)-node-0,ffpe_normal,multi_centers/patch_use/zhongshaneryuan_patches/ffpe/negative-4X/FFPE-N(30)/node-0/x=13267_y=15817_w=9026_h=6188/patch_73.jpg,zhongshaneryuan
939,4x,FFPE-N(30),FFPE-N(30)-node-0,ffpe_normal,multi_centers/patch_use/zhongshaneryuan_patches/ffpe/negative-4X/FFPE-N(30)/node-0/x=13267_y=15817_w=9026_h=6188/patch_25.jpg,zhongshaneryuan
940,4x,FFPE-N(30),FFPE-N(30)-node-0,ffpe_normal,multi_centers/patch_use/zhongshaneryuan_patches/ffpe/negative-4X/FFPE-N(30)/node-0/x=13267_y=15817_w=9026_h=6188/patch_75.jpg,zhongshaneryuan
941,4x,FFPE-N(30),FFPE-N(30)-node-0,ffpe_normal,multi_centers/patch_use/zhongshaneryuan_patches/ffpe/negative-4X/FFPE-N(30)/node-0/x=13267_y=15817_w=9026_h=6188/patch_8.jpg,zhongshaneryuan
942,4x,FFPE-N(30),FFPE-N(30)-node-0,ffpe_normal,multi_centers/patch_use/zhongshaneryuan_patches/ffpe/negative-4X/FFPE-N(30)/node-0/x=13267_y=15817_w=9026_h=6188/patch_6.jpg,zhongshaneryuan
943,4x,FFPE-N(30),FFPE-N(30)-node-0,ffpe_normal,multi_centers/patch_use/zhongshaneryuan_patches/ffpe/negative-4X/FFPE-N(30)/node-0/x=13267_y=15817_w=9026_h=6188/patch_22.jpg,zhongshaneryuan
944,4x,FFPE-N(30),FFPE-N(30)-node-0,ffpe_normal,multi_centers/patch_use/zhongshaneryuan_patches/ffpe/negative-4X/FFPE-N(30)/node-0/x=13267_y=15817_w=9026_h=6188/patch_16.jpg,zhongshaneryuan
945,4x,FFPE-N(30),FFPE-N(30)-node-0,ffpe_normal,multi_centers/patch_use/zhongshaneryuan_patches/ffpe/negative-4X/FFPE-N(30)/node-0/x=13267_y=15817_w=9026_h=6188/patch_85.jpg,zhongshaneryuan
946,4x,FFPE-N(30),FFPE-N(30)-node-0,ffpe_normal,multi_centers/patch_use/zhongshaneryuan_patches/ffpe/negative-4X/FFPE-N(30)/node-0/x=13267_y=15817_w=9026_h=6188/patch_17.jpg,zhongshaneryuan
947,4x,FFPE-N(30),FFPE-N(30)-node-0,ffpe_normal,multi_centers/patch_use/zhongshaneryuan_patches/ffpe/negative-4X/FFPE-N(30)/node-0/x=13267_y=15817_w=9026_h=6188/patch_3.jpg,zhongshaneryuan
948,4x,FFPE-N(30),FFPE-N(30)-node-0,ffpe_normal,multi_centers/patch_use/zhongshaneryuan_patches/ffpe/negative-4X/FFPE-N(30)/node-0/x=13267_y=15817_w=9026_h=6188/patch_20.jpg,zhongshaneryuan
949,4x,FFPE-N(30),FFPE-N(30)-node-0,ffpe_normal,multi_centers/patch_use/zhongshaneryuan_patches/ffpe/negative-4X/FFPE-N(30)/node-0/x=13267_y=15817_w=9026_h=6188/patch_64.jpg,zhongshaneryuan
950,4x,FFPE-N(30),FFPE-N(30)-node-0,ffpe_normal,multi_centers/patch_use/zhongshaneryuan_patches/ffpe/negative-4X/FFPE-N(30)/node-0/x=13267_y=15817_w=9026_h=6188/patch_10.jpg,zhongshaneryuan
951,4x,FFPE-N(30),FFPE-N(30)-node-0,ffpe_normal,multi_centers/patch_use/zhongshaneryuan_patches/ffpe/negative-4X/FFPE-N(30)/node-0/x=13267_y=15817_w=9026_h=6188/patch_37.jpg,zhongshaneryuan
952,4x,FFPE-N(30),FFPE-N(30)-node-0,ffpe_normal,multi_centers/patch_use/zhongshaneryuan_patches/ffpe/negative-4X/FFPE-N(30)/node-0/x=13267_y=15817_w=9026_h=6188/patch_46.jpg,zhongshaneryuan
953,4x,FFPE-N(30),FFPE-N(30)-node-0,ffpe_normal,multi_centers/patch_use/zhongshaneryuan_patches/ffpe/negative-4X/FFPE-N(30)/node-0/x=13267_y=15817_w=9026_h=6188/patch_55.jpg,zhongshaneryuan
954,4x,FFPE-N(30),FFPE-N(30)-node-0,ffpe_normal,multi_centers/patch_use/zhongshaneryuan_patches/ffpe/negative-4X/FFPE-N(30)/node-0/x=13267_y=15817_w=9026_h=6188/patch_33.jpg,zhongshaneryuan
955,4x,FFPE-N(30),FFPE-N(30)-node-0,ffpe_normal,multi_centers/patch_use/zhongshaneryuan_patches/ffpe/negative-4X/FFPE-N(30)/node-0/x=13267_y=15817_w=9026_h=6188/patch_50.jpg,zhongshaneryuan
956,4x,FFPE-N(30),FFPE-N(30)-node-0,ffpe_normal,multi_centers/patch_use/zhongshaneryuan_patches/ffpe/negative-4X/FFPE-N(30)/node-0/x=13267_y=15817_w=9026_h=6188/patch_76.jpg,zhongshaneryuan
957,4x,FFPE-N(30),FFPE-N(30)-node-0,ffpe_normal,multi_centers/patch_use/zhongshaneryuan_patches/ffpe/negative-4X/FFPE-N(30)/node-0/x=13267_y=15817_w=9026_h=6188/patch_87.jpg,zhongshaneryuan
958,4x,FFPE-N(30),FFPE-N(30)-node-0,ffpe_normal,multi_centers/patch_use/zhongshaneryuan_patches/ffpe/negative-4X/FFPE-N(30)/node-0/x=13267_y=15817_w=9026_h=6188/patch_74.jpg,zhongshaneryuan
959,4x,FFPE-N(30),FFPE-N(30)-node-0,ffpe_normal,multi_centers/patch_use/zhongshaneryuan_patches/ffpe/negative-4X/FFPE-N(30)/node-0/x=13267_y=15817_w=9026_h=6188/patch_49.jpg,zhongshaneryuan
960,4x,FFPE-N(30),FFPE-N(30)-node-0,ffpe_normal,multi_centers/patch_use/zhongshaneryuan_patches/ffpe/negative-4X/FFPE-N(30)/node-0/x=13267_y=15817_w=9026_h=6188/patch_58.jpg,zhongshaneryuan
961,4x,FFPE-N(30),FFPE-N(30)-node-0,ffpe_normal,multi_centers/patch_use/zhongshaneryuan_patches/ffpe/negative-4X/FFPE-N(30)/node-0/x=13267_y=15817_w=9026_h=6188/patch_40.jpg,zhongshaneryuan
962,4x,FFPE-N(30),FFPE-N(30)-node-0,ffpe_normal,multi_centers/patch_use/zhongshaneryuan_patches/ffpe/negative-4X/FFPE-N(30)/node-0/x=13267_y=15817_w=9026_h=6188/patch_28.jpg,zhongshaneryuan
963,4x,FFPE-N(30),FFPE-N(30)-node-0,ffpe_normal,multi_centers/patch_use/zhongshaneryuan_patches/ffpe/negative-4X/FFPE-N(30)/node-0/x=13267_y=15817_w=9026_h=6188/patch_12.jpg,zhongshaneryuan
964,4x,FFPE-N(30),FFPE-N(30)-node-0,ffpe_normal,multi_centers/patch_use/zhongshaneryuan_patches/ffpe/negative-4X/FFPE-N(30)/node-0/x=13267_y=15817_w=9026_h=6188/patch_70.jpg,zhongshaneryuan
965,4x,FFPE-N(30),FFPE-N(30)-node-0,ffpe_normal,multi_centers/patch_use/zhongshaneryuan_patches/ffpe/negative-4X/FFPE-N(30)/node-0/x=13267_y=15817_w=9026_h=6188/patch_72.jpg,zhongshaneryuan
966,4x,FFPE-N(30),FFPE-N(30)-node-0,ffpe_normal,multi_centers/patch_use/zhongshaneryuan_patches/ffpe/negative-4X/FFPE-N(30)/node-0/x=13267_y=15817_w=9026_h=6188/patch_48.jpg,zhongshaneryuan
967,4x,FFPE-N(30),FFPE-N(30)-node-0,ffpe_normal,multi_centers/patch_use/zhongshaneryuan_patches/ffpe/negative-4X/FFPE-N(30)/node-0/x=13267_y=15817_w=9026_h=6188/patch_13.jpg,zhongshaneryuan
968,4x,FFPE-N(30),FFPE-N(30)-node-0,ffpe_normal,multi_centers/patch_use/zhongshaneryuan_patches/ffpe/negative-4X/FFPE-N(30)/node-0/x=13267_y=15817_w=9026_h=6188/patch_1.jpg,zhongshaneryuan
969,4x,FFPE-N(30),FFPE-N(30)-node-0,ffpe_normal,multi_centers/patch_use/zhongshaneryuan_patches/ffpe/negative-4X/FFPE-N(30)/node-0/x=13267_y=15817_w=9026_h=6188/patch_9.jpg,zhongshaneryuan
970,4x,FFPE-N(30),FFPE-N(30)-node-0,ffpe_normal,multi_centers/patch_use/zhongshaneryuan_patches/ffpe/negative-4X/FFPE-N(30)/node-0/x=13267_y=15817_w=9026_h=6188/patch_83.jpg,zhongshaneryuan
971,4x,FFPE-N(30),FFPE-N(30)-node-0,ffpe_normal,multi_centers/patch_use/zhongshaneryuan_patches/ffpe/negative-4X/FFPE-N(30)/node-0/x=13267_y=15817_w=9026_h=6188/patch_23.jpg,zhongshaneryuan
972,4x,FFPE-N(30),FFPE-N(30)-node-0,ffpe_normal,multi_centers/patch_use/zhongshaneryuan_patches/ffpe/negative-4X/FFPE-N(30)/node-0/x=13267_y=15817_w=9026_h=6188/patch_30.jpg,zhongshaneryuan
973,4x,FFPE-N(30),FFPE-N(30)-node-0,ffpe_normal,multi_centers/patch_use/zhongshaneryuan_patches/ffpe/negative-4X/FFPE-N(30)/node-0/x=13267_y=15817_w=9026_h=6188/patch_59.jpg,zhongshaneryuan
974,4x,FFPE-N(30),FFPE-N(30)-node-0,ffpe_normal,multi_centers/patch_use/zhongshaneryuan_patches/ffpe/negative-4X/FFPE-N(30)/node-0/x=13267_y=15817_w=9026_h=6188/patch_7.jpg,zhongshaneryuan
975,4x,FFPE-N(30),FFPE-N(30)-node-0,ffpe_normal,multi_centers/patch_use/zhongshaneryuan_patches/ffpe/negative-4X/FFPE-N(30)/node-0/x=13267_y=15817_w=9026_h=6188/patch_71.jpg,zhongshaneryuan
976,4x,FFPE-N(30),FFPE-N(30)-node-0,ffpe_normal,multi_centers/patch_use/zhongshaneryuan_patches/ffpe/negative-4X/FFPE-N(30)/node-0/x=13267_y=15817_w=9026_h=6188/patch_54.jpg,zhongshaneryuan
977,4x,FFPE-N(30),FFPE-N(30)-node-0,ffpe_normal,multi_centers/patch_use/zhongshaneryuan_patches/ffpe/negative-4X/FFPE-N(30)/node-0/x=13267_y=15817_w=9026_h=6188/patch_11.jpg,zhongshaneryuan
978,4x,FFPE-N(30),FFPE-N(30)-node-0,ffpe_normal,multi_centers/patch_use/zhongshaneryuan_patches/ffpe/negative-4X/FFPE-N(30)/node-0/x=13267_y=15817_w=9026_h=6188/patch_43.jpg,zhongshaneryuan
979,4x,FFPE-N(30),FFPE-N(30)-node-0,ffpe_normal,multi_centers/patch_use/zhongshaneryuan_patches/ffpe/negative-4X/FFPE-N(30)/node-0/x=13267_y=15817_w=9026_h=6188/patch_24.jpg,zhongshaneryuan
980,4x,FFPE-N(30),FFPE-N(30)-node-0,ffpe_normal,multi_centers/patch_use/zhongshaneryuan_patches/ffpe/negative-4X/FFPE-N(30)/node-0/x=13267_y=15817_w=9026_h=6188/patch_39.jpg,zhongshaneryuan
981,4x,FFPE-N(30),FFPE-N(30)-node-0,ffpe_normal,multi_centers/patch_use/zhongshaneryuan_patches/ffpe/negative-4X/FFPE-N(30)/node-0/x=13267_y=15817_w=9026_h=6188/patch_19.jpg,zhongshaneryuan
982,4x,FFPE-N(30),FFPE-N(30)-node-0,ffpe_normal,multi_centers/patch_use/zhongshaneryuan_patches/ffpe/negative-4X/FFPE-N(30)/node-0/x=13267_y=15817_w=9026_h=6188/patch_63.jpg,zhongshaneryuan
983,4x,FFPE-N(30),FFPE-N(30)-node-0,ffpe_normal,multi_centers/patch_use/zhongshaneryuan_patches/ffpe/negative-4X/FFPE-N(30)/node-0/x=13267_y=15817_w=9026_h=6188/patch_35.jpg,zhongshaneryuan
984,4x,FFPE-N(30),FFPE-N(30)-node-0,ffpe_normal,multi_centers/patch_use/zhongshaneryuan_patches/ffpe/negative-4X/FFPE-N(30)/node-0/x=13267_y=15817_w=9026_h=6188/patch_4.jpg,zhongshaneryuan
985,4x,FFPE-N(30),FFPE-N(30)-node-0,ffpe_normal,multi_centers/patch_use/zhongshaneryuan_patches/ffpe/negative-4X/FFPE-N(30)/node-0/x=13267_y=15817_w=9026_h=6188/patch_56.jpg,zhongshaneryuan
986,4x,FFPE-N(30),FFPE-N(30)-node-0,ffpe_normal,multi_centers/patch_use/zhongshaneryuan_patches/ffpe/negative-4X/FFPE-N(30)/node-0/x=13267_y=15817_w=9026_h=6188/patch_86.jpg,zhongshaneryuan
987,4x,FFPE-N(30),FFPE-N(30)-node-0,ffpe_normal,multi_centers/patch_use/zhongshaneryuan_patches/ffpe/negative-4X/FFPE-N(30)/node-0/x=13267_y=15817_w=9026_h=6188/patch_60.jpg,zhongshaneryuan
988,4x,FFPE-N(30),FFPE-N(30)-node-0,ffpe_normal,multi_centers/patch_use/zhongshaneryuan_patches/ffpe/negative-4X/FFPE-N(30)/node-0/x=13267_y=15817_w=9026_h=6188/patch_27.jpg,zhongshaneryuan
989,4x,FFPE-N(30),FFPE-N(30)-node-0,ffpe_normal,multi_centers/patch_use/zhongshaneryuan_patches/ffpe/negative-4X/FFPE-N(30)/node-0/x=13267_y=15817_w=9026_h=6188/patch_41.jpg,zhongshaneryuan
990,4x,FFPE-N(30),FFPE-N(30)-node-0,ffpe_normal,multi_centers/patch_use/zhongshaneryuan_patches/ffpe/negative-4X/FFPE-N(30)/node-0/x=13267_y=15817_w=9026_h=6188/patch_84.jpg,zhongshaneryuan
991,4x,FFPE-N(30),FFPE-N(30)-node-0,ffpe_normal,multi_centers/patch_use/zhongshaneryuan_patches/ffpe/negative-4X/FFPE-N(30)/node-0/x=13267_y=15817_w=9026_h=6188/patch_34.jpg,zhongshaneryuan
992,4x,FFPE-N(30),FFPE-N(30)-node-0,ffpe_normal,multi_centers/patch_use/zhongshaneryuan_patches/ffpe/negative-4X/FFPE-N(30)/node-0/x=13267_y=15817_w=9026_h=6188/patch_57.jpg,zhongshaneryuan
993,4x,FFPE-N(30),FFPE-N(30)-node-0,ffpe_normal,multi_centers/patch_use/zhongshaneryuan_patches/ffpe/negative-4X/FFPE-N(30)/node-0/x=13267_y=15817_w=9026_h=6188/patch_14.jpg,zhongshaneryuan
994,4x,FFPE-N(30),FFPE-N(30)-node-0,ffpe_normal,multi_centers/patch_use/zhongshaneryuan_patches/ffpe/negative-4X/FFPE-N(30)/node-0/x=13267_y=15817_w=9026_h=6188/patch_53.jpg,zhongshaneryuan
995,4x,FFPE-N(30),FFPE-N(30)-node-0,ffpe_normal,multi_centers/patch_use/zhongshaneryuan_patches/ffpe/negative-4X/FFPE-N(30)/node-0/x=13267_y=15817_w=9026_h=6188/patch_2.jpg,zhongshaneryuan
1208,4x,FFPE-N(9),FFPE-N(9)-node-0,ffpe_normal,multi_centers/patch_use/zhongshaneryuan_patches/ffpe/negative-4X/FFPE-N(9)/node-0/x=7275_y=20260_w=9101_h=6016/patch_44.jpg,zhongshaneryuan
1209,4x,FFPE-N(9),FFPE-N(9)-node-0,ffpe_normal,multi_centers/patch_use/zhongshaneryuan_patches/ffpe/negative-4X/FFPE-N(9)/node-0/x=7275_y=20260_w=9101_h=6016/patch_52.jpg,zhongshaneryuan
1210,4x,FFPE-N(9),FFPE-N(9)-node-0,ffpe_normal,multi_centers/patch_use/zhongshaneryuan_patches/ffpe/negative-4X/FFPE-N(9)/node-0/x=7275_y=20260_w=9101_h=6016/patch_36.jpg,zhongshaneryuan
1211,4x,FFPE-N(9),FFPE-N(9)-node-0,ffpe_normal,multi_centers/patch_use/zhongshaneryuan_patches/ffpe/negative-4X/FFPE-N(9)/node-0/x=7275_y=20260_w=9101_h=6016/patch_38.jpg,zhongshaneryuan
1212,4x,FFPE-N(9),FFPE-N(9)-node-0,ffpe_normal,multi_centers/patch_use/zhongshaneryuan_patches/ffpe/negative-4X/FFPE-N(9)/node-0/x=7275_y=20260_w=9101_h=6016/patch_62.jpg,zhongshaneryuan
1213,4x,FFPE-N(9),FFPE-N(9)-node-0,ffpe_normal,multi_centers/patch_use/zhongshaneryuan_patches/ffpe/negative-4X/FFPE-N(9)/node-0/x=7275_y=20260_w=9101_h=6016/patch_45.jpg,zhongshaneryuan
1214,4x,FFPE-N(9),FFPE-N(9)-node-0,ffpe_normal,multi_centers/patch_use/zhongshaneryuan_patches/ffpe/negative-4X/FFPE-N(9)/node-0/x=7275_y=20260_w=9101_h=6016/patch_31.jpg,zhongshaneryuan
1215,4x,FFPE-N(9),FFPE-N(9)-node-0,ffpe_normal,multi_centers/patch_use/zhongshaneryuan_patches/ffpe/negative-4X/FFPE-N(9)/node-0/x=7275_y=20260_w=9101_h=6016/patch_61.jpg,zhongshaneryuan
1216,4x,FFPE-N(9),FFPE-N(9)-node-0,ffpe_normal,multi_centers/patch_use/zhongshaneryuan_patches/ffpe/negative-4X/FFPE-N(9)/node-0/x=7275_y=20260_w=9101_h=6016/patch_15.jpg,zhongshaneryuan
1217,4x,FFPE-N(9),FFPE-N(9)-node-0,ffpe_normal,multi_centers/patch_use/zhongshaneryuan_patches/ffpe/negative-4X/FFPE-N(9)/node-0/x=7275_y=20260_w=9101_h=6016/patch_69.jpg,zhongshaneryuan
1218,4x,FFPE-N(9),FFPE-N(9)-node-0,ffpe_normal,multi_centers/patch_use/zhongshaneryuan_patches/ffpe/negative-4X/FFPE-N(9)/node-0/x=7275_y=20260_w=9101_h=6016/patch_18.jpg,zhongshaneryuan
1219,4x,FFPE-N(9),FFPE-N(9)-node-0,ffpe_normal,multi_centers/patch_use/zhongshaneryuan_patches/ffpe/negative-4X/FFPE-N(9)/node-0/x=7275_y=20260_w=9101_h=6016/patch_32.jpg,zhongshaneryuan
1220,4x,FFPE-N(9),FFPE-N(9)-node-0,ffpe_normal,multi_centers/patch_use/zhongshaneryuan_patches/ffpe/negative-4X/FFPE-N(9)/node-0/x=7275_y=20260_w=9101_h=6016/patch_51.jpg,zhongshaneryuan
1221,4x,FFPE-N(9),FFPE-N(9)-node-0,ffpe_normal,multi_centers/patch_use/zhongshaneryuan_patches/ffpe/negative-4X/FFPE-N(9)/node-0/x=7275_y=20260_w=9101_h=6016/patch_47.jpg,zhongshaneryuan
1222,4x,FFPE-N(9),FFPE-N(9)-node-0,ffpe_normal,multi_centers/patch_use/zhongshaneryuan_patches/ffpe/negative-4X/FFPE-N(9)/node-0/x=7275_y=20260_w=9101_h=6016/patch_42.jpg,zhongshaneryuan
1223,4x,FFPE-N(9),FFPE-N(9)-node-0,ffpe_normal,multi_centers/patch_use/zhongshaneryuan_patches/ffpe/negative-4X/FFPE-N(9)/node-0/x=7275_y=20260_w=9101_h=6016/patch_26.jpg,zhongshaneryuan
1224,4x,FFPE-N(9),FFPE-N(9)-node-0,ffpe_normal,multi_centers/patch_use/zhongshaneryuan_patches/ffpe/negative-4X/FFPE-N(9)/node-0/x=7275_y=20260_w=9101_h=6016/patch_73.jpg,zhongshaneryuan
1225,4x,FFPE-N(9),FFPE-N(9)-node-0,ffpe_normal,multi_centers/patch_use/zhongshaneryuan_patches/ffpe/negative-4X/FFPE-N(9)/node-0/x=7275_y=20260_w=9101_h=6016/patch_0.jpg,zhongshaneryuan
1226,4x,FFPE-N(9),FFPE-N(9)-node-0,ffpe_normal,multi_centers/patch_use/zhongshaneryuan_patches/ffpe/negative-4X/FFPE-N(9)/node-0/x=7275_y=20260_w=9101_h=6016/patch_21.jpg,zhongshaneryuan
1227,4x,FFPE-N(9),FFPE-N(9)-node-0,ffpe_normal,multi_centers/patch_use/zhongshaneryuan_patches/ffpe/negative-4X/FFPE-N(9)/node-0/x=7275_y=20260_w=9101_h=6016/patch_25.jpg,zhongshaneryuan
1228,4x,FFPE-N(9),FFPE-N(9)-node-0,ffpe_normal,multi_centers/patch_use/zhongshaneryuan_patches/ffpe/negative-4X/FFPE-N(9)/node-0/x=7275_y=20260_w=9101_h=6016/patch_8.jpg,zhongshaneryuan
1229,4x,FFPE-N(9),FFPE-N(9)-node-0,ffpe_normal,multi_centers/patch_use/zhongshaneryuan_patches/ffpe/negative-4X/FFPE-N(9)/node-0/x=7275_y=20260_w=9101_h=6016/patch_22.jpg,zhongshaneryuan
1230,4x,FFPE-N(9),FFPE-N(9)-node-0,ffpe_normal,multi_centers/patch_use/zhongshaneryuan_patches/ffpe/negative-4X/FFPE-N(9)/node-0/x=7275_y=20260_w=9101_h=6016/patch_16.jpg,zhongshaneryuan
1231,4x,FFPE-N(9),FFPE-N(9)-node-0,ffpe_normal,multi_centers/patch_use/zhongshaneryuan_patches/ffpe/negative-4X/FFPE-N(9)/node-0/x=7275_y=20260_w=9101_h=6016/patch_29.jpg,zhongshaneryuan
1232,4x,FFPE-N(9),FFPE-N(9)-node-0,ffpe_normal,multi_centers/patch_use/zhongshaneryuan_patches/ffpe/negative-4X/FFPE-N(9)/node-0/x=7275_y=20260_w=9101_h=6016/patch_17.jpg,zhongshaneryuan
1233,4x,FFPE-N(9),FFPE-N(9)-node-0,ffpe_normal,multi_centers/patch_use/zhongshaneryuan_patches/ffpe/negative-4X/FFPE-N(9)/node-0/x=7275_y=20260_w=9101_h=6016/patch_3.jpg,zhongshaneryuan
1234,4x,FFPE-N(9),FFPE-N(9)-node-0,ffpe_normal,multi_centers/patch_use/zhongshaneryuan_patches/ffpe/negative-4X/FFPE-N(9)/node-0/x=7275_y=20260_w=9101_h=6016/patch_64.jpg,zhongshaneryuan
1235,4x,FFPE-N(9),FFPE-N(9)-node-0,ffpe_normal,multi_centers/patch_use/zhongshaneryuan_patches/ffpe/negative-4X/FFPE-N(9)/node-0/x=7275_y=20260_w=9101_h=6016/patch_10.jpg,zhongshaneryuan
1236,4x,FFPE-N(9),FFPE-N(9)-node-0,ffpe_normal,multi_centers/patch_use/zhongshaneryuan_patches/ffpe/negative-4X/FFPE-N(9)/node-0/x=7275_y=20260_w=9101_h=6016/patch_37.jpg,zhongshaneryuan
1237,4x,FFPE-N(9),FFPE-N(9)-node-0,ffpe_normal,multi_centers/patch_use/zhongshaneryuan_patches/ffpe/negative-4X/FFPE-N(9)/node-0/x=7275_y=20260_w=9101_h=6016/patch_46.jpg,zhongshaneryuan
1238,4x,FFPE-N(9),FFPE-N(9)-node-0,ffpe_normal,multi_centers/patch_use/zhongshaneryuan_patches/ffpe/negative-4X/FFPE-N(9)/node-0/x=7275_y=20260_w=9101_h=6016/patch_33.jpg,zhongshaneryuan
1239,4x,FFPE-N(9),FFPE-N(9)-node-0,ffpe_normal,multi_centers/patch_use/zhongshaneryuan_patches/ffpe/negative-4X/FFPE-N(9)/node-0/x=7275_y=20260_w=9101_h=6016/patch_50.jpg,zhongshaneryuan
1240,4x,FFPE-N(9),FFPE-N(9)-node-0,ffpe_normal,multi_centers/patch_use/zhongshaneryuan_patches/ffpe/negative-4X/FFPE-N(9)/node-0/x=7275_y=20260_w=9101_h=6016/patch_49.jpg,zhongshaneryuan
1241,4x,FFPE-N(9),FFPE-N(9)-node-0,ffpe_normal,multi_centers/patch_use/zhongshaneryuan_patches/ffpe/negative-4X/FFPE-N(9)/node-0/x=7275_y=20260_w=9101_h=6016/patch_58.jpg,zhongshaneryuan
1242,4x,FFPE-N(9),FFPE-N(9)-node-0,ffpe_normal,multi_centers/patch_use/zhongshaneryuan_patches/ffpe/negative-4X/FFPE-N(9)/node-0/x=7275_y=20260_w=9101_h=6016/patch_40.jpg,zhongshaneryuan
1243,4x,FFPE-N(9),FFPE-N(9)-node-0,ffpe_normal,multi_centers/patch_use/zhongshaneryuan_patches/ffpe/negative-4X/FFPE-N(9)/node-0/x=7275_y=20260_w=9101_h=6016/patch_28.jpg,zhongshaneryuan
1244,4x,FFPE-N(9),FFPE-N(9)-node-0,ffpe_normal,multi_centers/patch_use/zhongshaneryuan_patches/ffpe/negative-4X/FFPE-N(9)/node-0/x=7275_y=20260_w=9101_h=6016/patch_12.jpg,zhongshaneryuan
1245,4x,FFPE-N(9),FFPE-N(9)-node-0,ffpe_normal,multi_centers/patch_use/zhongshaneryuan_patches/ffpe/negative-4X/FFPE-N(9)/node-0/x=7275_y=20260_w=9101_h=6016/patch_70.jpg,zhongshaneryuan
1246,4x,FFPE-N(9),FFPE-N(9)-node-0,ffpe_normal,multi_centers/patch_use/zhongshaneryuan_patches/ffpe/negative-4X/FFPE-N(9)/node-0/x=7275_y=20260_w=9101_h=6016/patch_72.jpg,zhongshaneryuan
1247,4x,FFPE-N(9),FFPE-N(9)-node-0,ffpe_normal,multi_centers/patch_use/zhongshaneryuan_patches/ffpe/negative-4X/FFPE-N(9)/node-0/x=7275_y=20260_w=9101_h=6016/patch_48.jpg,zhongshaneryuan
1248,4x,FFPE-N(9),FFPE-N(9)-node-0,ffpe_normal,multi_centers/patch_use/zhongshaneryuan_patches/ffpe/negative-4X/FFPE-N(9)/node-0/x=7275_y=20260_w=9101_h=6016/patch_13.jpg,zhongshaneryuan
1249,4x,FFPE-N(9),FFPE-N(9)-node-0,ffpe_normal,multi_centers/patch_use/zhongshaneryuan_patches/ffpe/negative-4X/FFPE-N(9)/node-0/x=7275_y=20260_w=9101_h=6016/patch_1.jpg,zhongshaneryuan
1250,4x,FFPE-N(9),FFPE-N(9)-node-0,ffpe_normal,multi_centers/patch_use/zhongshaneryuan_patches/ffpe/negative-4X/FFPE-N(9)/node-0/x=7275_y=20260_w=9101_h=6016/patch_23.jpg,zhongshaneryuan
1251,4x,FFPE-N(9),FFPE-N(9)-node-0,ffpe_normal,multi_centers/patch_use/zhongshaneryuan_patches/ffpe/negative-4X/FFPE-N(9)/node-0/x=7275_y=20260_w=9101_h=6016/patch_30.jpg,zhongshaneryuan
1252,4x,FFPE-N(9),FFPE-N(9)-node-0,ffpe_normal,multi_centers/patch_use/zhongshaneryuan_patches/ffpe/negative-4X/FFPE-N(9)/node-0/x=7275_y=20260_w=9101_h=6016/patch_59.jpg,zhongshaneryuan
1253,4x,FFPE-N(9),FFPE-N(9)-node-0,ffpe_normal,multi_centers/patch_use/zhongshaneryuan_patches/ffpe/negative-4X/FFPE-N(9)/node-0/x=7275_y=20260_w=9101_h=6016/patch_71.jpg,zhongshaneryuan
1254,4x,FFPE-N(9),FFPE-N(9)-node-0,ffpe_normal,multi_centers/patch_use/zhongshaneryuan_patches/ffpe/negative-4X/FFPE-N(9)/node-0/x=7275_y=20260_w=9101_h=6016/patch_54.jpg,zhongshaneryuan
1255,4x,FFPE-N(9),FFPE-N(9)-node-0,ffpe_normal,multi_centers/patch_use/zhongshaneryuan_patches/ffpe/negative-4X/FFPE-N(9)/node-0/x=7275_y=20260_w=9101_h=6016/patch_11.jpg,zhongshaneryuan
1256,4x,FFPE-N(9),FFPE-N(9)-node-0,ffpe_normal,multi_centers/patch_use/zhongshaneryuan_patches/ffpe/negative-4X/FFPE-N(9)/node-0/x=7275_y=20260_w=9101_h=6016/patch_43.jpg,zhongshaneryuan
1257,4x,FFPE-N(9),FFPE-N(9)-node-0,ffpe_normal,multi_centers/patch_use/zhongshaneryuan_patches/ffpe/negative-4X/FFPE-N(9)/node-0/x=7275_y=20260_w=9101_h=6016/patch_24.jpg,zhongshaneryuan
1258,4x,FFPE-N(9),FFPE-N(9)-node-0,ffpe_normal,multi_centers/patch_use/zhongshaneryuan_patches/ffpe/negative-4X/FFPE-N(9)/node-0/x=7275_y=20260_w=9101_h=6016/patch_39.jpg,zhongshaneryuan
1259,4x,FFPE-N(9),FFPE-N(9)-node-0,ffpe_normal,multi_centers/patch_use/zhongshaneryuan_patches/ffpe/negative-4X/FFPE-N(9)/node-0/x=7275_y=20260_w=9101_h=6016/patch_19.jpg,zhongshaneryuan
1260,4x,FFPE-N(9),FFPE-N(9)-node-0,ffpe_normal,multi_centers/patch_use/zhongshaneryuan_patches/ffpe/negative-4X/FFPE-N(9)/node-0/x=7275_y=20260_w=9101_h=6016/patch_63.jpg,zhongshaneryuan
1261,4x,FFPE-N(9),FFPE-N(9)-node-0,ffpe_normal,multi_centers/patch_use/zhongshaneryuan_patches/ffpe/negative-4X/FFPE-N(9)/node-0/x=7275_y=20260_w=9101_h=6016/patch_35.jpg,zhongshaneryuan
1262,4x,FFPE-N(9),FFPE-N(9)-node-0,ffpe_normal,multi_centers/patch_use/zhongshaneryuan_patches/ffpe/negative-4X/FFPE-N(9)/node-0/x=7275_y=20260_w=9101_h=6016/patch_56.jpg,zhongshaneryuan
1263,4x,FFPE-N(9),FFPE-N(9)-node-0,ffpe_normal,multi_centers/patch_use/zhongshaneryuan_patches/ffpe/negative-4X/FFPE-N(9)/node-0/x=7275_y=20260_w=9101_h=6016/patch_60.jpg,zhongshaneryuan
1264,4x,FFPE-N(9),FFPE-N(9)-node-0,ffpe_normal,multi_centers/patch_use/zhongshaneryuan_patches/ffpe/negative-4X/FFPE-N(9)/node-0/x=7275_y=20260_w=9101_h=6016/patch_27.jpg,zhongshaneryuan
1265,4x,FFPE-N(9),FFPE-N(9)-node-0,ffpe_normal,multi_centers/patch_use/zhongshaneryuan_patches/ffpe/negative-4X/FFPE-N(9)/node-0/x=7275_y=20260_w=9101_h=6016/patch_41.jpg,zhongshaneryuan
1266,4x,FFPE-N(9),FFPE-N(9)-node-0,ffpe_normal,multi_centers/patch_use/zhongshaneryuan_patches/ffpe/negative-4X/FFPE-N(9)/node-0/x=7275_y=20260_w=9101_h=6016/patch_34.jpg,zhongshaneryuan
1267,4x,FFPE-N(9),FFPE-N(9)-node-0,ffpe_normal,multi_centers/patch_use/zhongshaneryuan_patches/ffpe/negative-4X/FFPE-N(9)/node-0/x=7275_y=20260_w=9101_h=6016/patch_57.jpg,zhongshaneryuan
1268,4x,FFPE-N(9),FFPE-N(9)-node-0,ffpe_normal,multi_centers/patch_use/zhongshaneryuan_patches/ffpe/negative-4X/FFPE-N(9)/node-0/x=7275_y=20260_w=9101_h=6016/patch_14.jpg,zhongshaneryuan
1269,4x,FFPE-N(9),FFPE-N(9)-node-0,ffpe_normal,multi_centers/patch_use/zhongshaneryuan_patches/ffpe/negative-4X/FFPE-N(9)/node-0/x=7275_y=20260_w=9101_h=6016/patch_53.jpg,zhongshaneryuan
1270,4x,FFPE-N(9),FFPE-N(9)-node-0,ffpe_normal,multi_centers/patch_use/zhongshaneryuan_patches/ffpe/negative-4X/FFPE-N(9)/node-0/x=7275_y=20260_w=9101_h=6016/patch_2.jpg,zhongshaneryuan
1271,4x,FFPE-N(25),FFPE-N(25)-node-0,ffpe_normal,multi_centers/patch_use/zhongshaneryuan_patches/ffpe/negative-4X/FFPE-N(25)/node-0/x=11125_y=4623_w=8815_h=6536/patch_66.jpg,zhongshaneryuan
1272,4x,FFPE-N(25),FFPE-N(25)-node-0,ffpe_normal,multi_centers/patch_use/zhongshaneryuan_patches/ffpe/negative-4X/FFPE-N(25)/node-0/x=11125_y=4623_w=8815_h=6536/patch_44.jpg,zhongshaneryuan
1273,4x,FFPE-N(25),FFPE-N(25)-node-0,ffpe_normal,multi_centers/patch_use/zhongshaneryuan_patches/ffpe/negative-4X/FFPE-N(25)/node-0/x=11125_y=4623_w=8815_h=6536/patch_52.jpg,zhongshaneryuan
1274,4x,FFPE-N(25),FFPE-N(25)-node-0,ffpe_normal,multi_centers/patch_use/zhongshaneryuan_patches/ffpe/negative-4X/FFPE-N(25)/node-0/x=11125_y=4623_w=8815_h=6536/patch_36.jpg,zhongshaneryuan
1275,4x,FFPE-N(25),FFPE-N(25)-node-0,ffpe_normal,multi_centers/patch_use/zhongshaneryuan_patches/ffpe/negative-4X/FFPE-N(25)/node-0/x=11125_y=4623_w=8815_h=6536/patch_38.jpg,zhongshaneryuan
1276,4x,FFPE-N(25),FFPE-N(25)-node-0,ffpe_normal,multi_centers/patch_use/zhongshaneryuan_patches/ffpe/negative-4X/FFPE-N(25)/node-0/x=11125_y=4623_w=8815_h=6536/patch_62.jpg,zhongshaneryuan
1277,4x,FFPE-N(25),FFPE-N(25)-node-0,ffpe_normal,multi_centers/patch_use/zhongshaneryuan_patches/ffpe/negative-4X/FFPE-N(25)/node-0/x=11125_y=4623_w=8815_h=6536/patch_45.jpg,zhongshaneryuan
1278,4x,FFPE-N(25),FFPE-N(25)-node-0,ffpe_normal,multi_centers/patch_use/zhongshaneryuan_patches/ffpe/negative-4X/FFPE-N(25)/node-0/x=11125_y=4623_w=8815_h=6536/patch_31.jpg,zhongshaneryuan
1279,4x,FFPE-N(25),FFPE-N(25)-node-0,ffpe_normal,multi_centers/patch_use/zhongshaneryuan_patches/ffpe/negative-4X/FFPE-N(25)/node-0/x=11125_y=4623_w=8815_h=6536/patch_61.jpg,zhongshaneryuan
1280,4x,FFPE-N(25),FFPE-N(25)-node-0,ffpe_normal,multi_centers/patch_use/zhongshaneryuan_patches/ffpe/negative-4X/FFPE-N(25)/node-0/x=11125_y=4623_w=8815_h=6536/patch_65.jpg,zhongshaneryuan
1281,4x,FFPE-N(25),FFPE-N(25)-node-0,ffpe_normal,multi_centers/patch_use/zhongshaneryuan_patches/ffpe/negative-4X/FFPE-N(25)/node-0/x=11125_y=4623_w=8815_h=6536/patch_15.jpg,zhongshaneryuan
1282,4x,FFPE-N(25),FFPE-N(25)-node-0,ffpe_normal,multi_centers/patch_use/zhongshaneryuan_patches/ffpe/negative-4X/FFPE-N(25)/node-0/x=11125_y=4623_w=8815_h=6536/patch_69.jpg,zhongshaneryuan
1283,4x,FFPE-N(25),FFPE-N(25)-node-0,ffpe_normal,multi_centers/patch_use/zhongshaneryuan_patches/ffpe/negative-4X/FFPE-N(25)/node-0/x=11125_y=4623_w=8815_h=6536/patch_32.jpg,zhongshaneryuan
1284,4x,FFPE-N(25),FFPE-N(25)-node-0,ffpe_normal,multi_centers/patch_use/zhongshaneryuan_patches/ffpe/negative-4X/FFPE-N(25)/node-0/x=11125_y=4623_w=8815_h=6536/patch_51.jpg,zhongshaneryuan
1285,4x,FFPE-N(25),FFPE-N(25)-node-0,ffpe_normal,multi_centers/patch_use/zhongshaneryuan_patches/ffpe/negative-4X/FFPE-N(25)/node-0/x=11125_y=4623_w=8815_h=6536/patch_47.jpg,zhongshaneryuan
1286,4x,FFPE-N(25),FFPE-N(25)-node-0,ffpe_normal,multi_centers/patch_use/zhongshaneryuan_patches/ffpe/negative-4X/FFPE-N(25)/node-0/x=11125_y=4623_w=8815_h=6536/patch_42.jpg,zhongshaneryuan
1287,4x,FFPE-N(25),FFPE-N(25)-node-0,ffpe_normal,multi_centers/patch_use/zhongshaneryuan_patches/ffpe/negative-4X/FFPE-N(25)/node-0/x=11125_y=4623_w=8815_h=6536/patch_26.jpg,zhongshaneryuan
1288,4x,FFPE-N(25),FFPE-N(25)-node-0,ffpe_normal,multi_centers/patch_use/zhongshaneryuan_patches/ffpe/negative-4X/FFPE-N(25)/node-0/x=11125_y=4623_w=8815_h=6536/patch_73.jpg,zhongshaneryuan
1289,4x,FFPE-N(25),FFPE-N(25)-node-0,ffpe_normal,multi_centers/patch_use/zhongshaneryuan_patches/ffpe/negative-4X/FFPE-N(25)/node-0/x=11125_y=4623_w=8815_h=6536/patch_21.jpg,zhongshaneryuan
1290,4x,FFPE-N(25),FFPE-N(25)-node-0,ffpe_normal,multi_centers/patch_use/zhongshaneryuan_patches/ffpe/negative-4X/FFPE-N(25)/node-0/x=11125_y=4623_w=8815_h=6536/patch_81.jpg,zhongshaneryuan
1291,4x,FFPE-N(25),FFPE-N(25)-node-0,ffpe_normal,multi_centers/patch_use/zhongshaneryuan_patches/ffpe/negative-4X/FFPE-N(25)/node-0/x=11125_y=4623_w=8815_h=6536/patch_25.jpg,zhongshaneryuan
1292,4x,FFPE-N(25),FFPE-N(25)-node-0,ffpe_normal,multi_centers/patch_use/zhongshaneryuan_patches/ffpe/negative-4X/FFPE-N(25)/node-0/x=11125_y=4623_w=8815_h=6536/patch_75.jpg,zhongshaneryuan
1293,4x,FFPE-N(25),FFPE-N(25)-node-0,ffpe_normal,multi_centers/patch_use/zhongshaneryuan_patches/ffpe/negative-4X/FFPE-N(25)/node-0/x=11125_y=4623_w=8815_h=6536/patch_78.jpg,zhongshaneryuan
1294,4x,FFPE-N(25),FFPE-N(25)-node-0,ffpe_normal,multi_centers/patch_use/zhongshaneryuan_patches/ffpe/negative-4X/FFPE-N(25)/node-0/x=11125_y=4623_w=8815_h=6536/patch_22.jpg,zhongshaneryuan
1295,4x,FFPE-N(25),FFPE-N(25)-node-0,ffpe_normal,multi_centers/patch_use/zhongshaneryuan_patches/ffpe/negative-4X/FFPE-N(25)/node-0/x=11125_y=4623_w=8815_h=6536/patch_16.jpg,zhongshaneryuan
1296,4x,FFPE-N(25),FFPE-N(25)-node-0,ffpe_normal,multi_centers/patch_use/zhongshaneryuan_patches/ffpe/negative-4X/FFPE-N(25)/node-0/x=11125_y=4623_w=8815_h=6536/patch_85.jpg,zhongshaneryuan
1297,4x,FFPE-N(25),FFPE-N(25)-node-0,ffpe_normal,multi_centers/patch_use/zhongshaneryuan_patches/ffpe/negative-4X/FFPE-N(25)/node-0/x=11125_y=4623_w=8815_h=6536/patch_29.jpg,zhongshaneryuan
1298,4x,FFPE-N(25),FFPE-N(25)-node-0,ffpe_normal,multi_centers/patch_use/zhongshaneryuan_patches/ffpe/negative-4X/FFPE-N(25)/node-0/x=11125_y=4623_w=8815_h=6536/patch_17.jpg,zhongshaneryuan
1299,4x,FFPE-N(25),FFPE-N(25)-node-0,ffpe_normal,multi_centers/patch_use/zhongshaneryuan_patches/ffpe/negative-4X/FFPE-N(25)/node-0/x=11125_y=4623_w=8815_h=6536/patch_3.jpg,zhongshaneryuan
1300,4x,FFPE-N(25),FFPE-N(25)-node-0,ffpe_normal,multi_centers/patch_use/zhongshaneryuan_patches/ffpe/negative-4X/FFPE-N(25)/node-0/x=11125_y=4623_w=8815_h=6536/patch_20.jpg,zhongshaneryuan
1301,4x,FFPE-N(25),FFPE-N(25)-node-0,ffpe_normal,multi_centers/patch_use/zhongshaneryuan_patches/ffpe/negative-4X/FFPE-N(25)/node-0/x=11125_y=4623_w=8815_h=6536/patch_64.jpg,zhongshaneryuan
1302,4x,FFPE-N(25),FFPE-N(25)-node-0,ffpe_normal,multi_centers/patch_use/zhongshaneryuan_patches/ffpe/negative-4X/FFPE-N(25)/node-0/x=11125_y=4623_w=8815_h=6536/patch_37.jpg,zhongshaneryuan
1303,4x,FFPE-N(25),FFPE-N(25)-node-0,ffpe_normal,multi_centers/patch_use/zhongshaneryuan_patches/ffpe/negative-4X/FFPE-N(25)/node-0/x=11125_y=4623_w=8815_h=6536/patch_46.jpg,zhongshaneryuan
1304,4x,FFPE-N(25),FFPE-N(25)-node-0,ffpe_normal,multi_centers/patch_use/zhongshaneryuan_patches/ffpe/negative-4X/FFPE-N(25)/node-0/x=11125_y=4623_w=8815_h=6536/patch_55.jpg,zhongshaneryuan
1305,4x,FFPE-N(25),FFPE-N(25)-node-0,ffpe_normal,multi_centers/patch_use/zhongshaneryuan_patches/ffpe/negative-4X/FFPE-N(25)/node-0/x=11125_y=4623_w=8815_h=6536/patch_33.jpg,zhongshaneryuan
1306,4x,FFPE-N(25),FFPE-N(25)-node-0,ffpe_normal,multi_centers/patch_use/zhongshaneryuan_patches/ffpe/negative-4X/FFPE-N(25)/node-0/x=11125_y=4623_w=8815_h=6536/patch_50.jpg,zhongshaneryuan
1307,4x,FFPE-N(25),FFPE-N(25)-node-0,ffpe_normal,multi_centers/patch_use/zhongshaneryuan_patches/ffpe/negative-4X/FFPE-N(25)/node-0/x=11125_y=4623_w=8815_h=6536/patch_82.jpg,zhongshaneryuan
1308,4x,FFPE-N(25),FFPE-N(25)-node-0,ffpe_normal,multi_centers/patch_use/zhongshaneryuan_patches/ffpe/negative-4X/FFPE-N(25)/node-0/x=11125_y=4623_w=8815_h=6536/patch_76.jpg,zhongshaneryuan
1309,4x,FFPE-N(25),FFPE-N(25)-node-0,ffpe_normal,multi_centers/patch_use/zhongshaneryuan_patches/ffpe/negative-4X/FFPE-N(25)/node-0/x=11125_y=4623_w=8815_h=6536/patch_87.jpg,zhongshaneryuan
1310,4x,FFPE-N(25),FFPE-N(25)-node-0,ffpe_normal,multi_centers/patch_use/zhongshaneryuan_patches/ffpe/negative-4X/FFPE-N(25)/node-0/x=11125_y=4623_w=8815_h=6536/patch_74.jpg,zhongshaneryuan
1311,4x,FFPE-N(25),FFPE-N(25)-node-0,ffpe_normal,multi_centers/patch_use/zhongshaneryuan_patches/ffpe/negative-4X/FFPE-N(25)/node-0/x=11125_y=4623_w=8815_h=6536/patch_49.jpg,zhongshaneryuan
1312,4x,FFPE-N(25),FFPE-N(25)-node-0,ffpe_normal,multi_centers/patch_use/zhongshaneryuan_patches/ffpe/negative-4X/FFPE-N(25)/node-0/x=11125_y=4623_w=8815_h=6536/patch_58.jpg,zhongshaneryuan
1313,4x,FFPE-N(25),FFPE-N(25)-node-0,ffpe_normal,multi_centers/patch_use/zhongshaneryuan_patches/ffpe/negative-4X/FFPE-N(25)/node-0/x=11125_y=4623_w=8815_h=6536/patch_40.jpg,zhongshaneryuan
1314,4x,FFPE-N(25),FFPE-N(25)-node-0,ffpe_normal,multi_centers/patch_use/zhongshaneryuan_patches/ffpe/negative-4X/FFPE-N(25)/node-0/x=11125_y=4623_w=8815_h=6536/patch_28.jpg,zhongshaneryuan
1315,4x,FFPE-N(25),FFPE-N(25)-node-0,ffpe_normal,multi_centers/patch_use/zhongshaneryuan_patches/ffpe/negative-4X/FFPE-N(25)/node-0/x=11125_y=4623_w=8815_h=6536/patch_12.jpg,zhongshaneryuan
1316,4x,FFPE-N(25),FFPE-N(25)-node-0,ffpe_normal,multi_centers/patch_use/zhongshaneryuan_patches/ffpe/negative-4X/FFPE-N(25)/node-0/x=11125_y=4623_w=8815_h=6536/patch_77.jpg,zhongshaneryuan
1317,4x,FFPE-N(25),FFPE-N(25)-node-0,ffpe_normal,multi_centers/patch_use/zhongshaneryuan_patches/ffpe/negative-4X/FFPE-N(25)/node-0/x=11125_y=4623_w=8815_h=6536/patch_70.jpg,zhongshaneryuan
1318,4x,FFPE-N(25),FFPE-N(25)-node-0,ffpe_normal,multi_centers/patch_use/zhongshaneryuan_patches/ffpe/negative-4X/FFPE-N(25)/node-0/x=11125_y=4623_w=8815_h=6536/patch_72.jpg,zhongshaneryuan
1319,4x,FFPE-N(25),FFPE-N(25)-node-0,ffpe_normal,multi_centers/patch_use/zhongshaneryuan_patches/ffpe/negative-4X/FFPE-N(25)/node-0/x=11125_y=4623_w=8815_h=6536/patch_48.jpg,zhongshaneryuan
1320,4x,FFPE-N(25),FFPE-N(25)-node-0,ffpe_normal,multi_centers/patch_use/zhongshaneryuan_patches/ffpe/negative-4X/FFPE-N(25)/node-0/x=11125_y=4623_w=8815_h=6536/patch_13.jpg,zhongshaneryuan
1321,4x,FFPE-N(25),FFPE-N(25)-node-0,ffpe_normal,multi_centers/patch_use/zhongshaneryuan_patches/ffpe/negative-4X/FFPE-N(25)/node-0/x=11125_y=4623_w=8815_h=6536/patch_1.jpg,zhongshaneryuan
1322,4x,FFPE-N(25),FFPE-N(25)-node-0,ffpe_normal,multi_centers/patch_use/zhongshaneryuan_patches/ffpe/negative-4X/FFPE-N(25)/node-0/x=11125_y=4623_w=8815_h=6536/patch_83.jpg,zhongshaneryuan
1323,4x,FFPE-N(25),FFPE-N(25)-node-0,ffpe_normal,multi_centers/patch_use/zhongshaneryuan_patches/ffpe/negative-4X/FFPE-N(25)/node-0/x=11125_y=4623_w=8815_h=6536/patch_23.jpg,zhongshaneryuan
1324,4x,FFPE-N(25),FFPE-N(25)-node-0,ffpe_normal,multi_centers/patch_use/zhongshaneryuan_patches/ffpe/negative-4X/FFPE-N(25)/node-0/x=11125_y=4623_w=8815_h=6536/patch_30.jpg,zhongshaneryuan
1325,4x,FFPE-N(25),FFPE-N(25)-node-0,ffpe_normal,multi_centers/patch_use/zhongshaneryuan_patches/ffpe/negative-4X/FFPE-N(25)/node-0/x=11125_y=4623_w=8815_h=6536/patch_59.jpg,zhongshaneryuan
1326,4x,FFPE-N(25),FFPE-N(25)-node-0,ffpe_normal,multi_centers/patch_use/zhongshaneryuan_patches/ffpe/negative-4X/FFPE-N(25)/node-0/x=11125_y=4623_w=8815_h=6536/patch_71.jpg,zhongshaneryuan
1327,4x,FFPE-N(25),FFPE-N(25)-node-0,ffpe_normal,multi_centers/patch_use/zhongshaneryuan_patches/ffpe/negative-4X/FFPE-N(25)/node-0/x=11125_y=4623_w=8815_h=6536/patch_68.jpg,zhongshaneryuan
1328,4x,FFPE-N(25),FFPE-N(25)-node-0,ffpe_normal,multi_centers/patch_use/zhongshaneryuan_patches/ffpe/negative-4X/FFPE-N(25)/node-0/x=11125_y=4623_w=8815_h=6536/patch_80.jpg,zhongshaneryuan
1329,4x,FFPE-N(25),FFPE-N(25)-node-0,ffpe_normal,multi_centers/patch_use/zhongshaneryuan_patches/ffpe/negative-4X/FFPE-N(25)/node-0/x=11125_y=4623_w=8815_h=6536/patch_54.jpg,zhongshaneryuan
1330,4x,FFPE-N(25),FFPE-N(25)-node-0,ffpe_normal,multi_centers/patch_use/zhongshaneryuan_patches/ffpe/negative-4X/FFPE-N(25)/node-0/x=11125_y=4623_w=8815_h=6536/patch_11.jpg,zhongshaneryuan
1331,4x,FFPE-N(25),FFPE-N(25)-node-0,ffpe_normal,multi_centers/patch_use/zhongshaneryuan_patches/ffpe/negative-4X/FFPE-N(25)/node-0/x=11125_y=4623_w=8815_h=6536/patch_43.jpg,zhongshaneryuan
1332,4x,FFPE-N(25),FFPE-N(25)-node-0,ffpe_normal,multi_centers/patch_use/zhongshaneryuan_patches/ffpe/negative-4X/FFPE-N(25)/node-0/x=11125_y=4623_w=8815_h=6536/patch_24.jpg,zhongshaneryuan
1333,4x,FFPE-N(25),FFPE-N(25)-node-0,ffpe_normal,multi_centers/patch_use/zhongshaneryuan_patches/ffpe/negative-4X/FFPE-N(25)/node-0/x=11125_y=4623_w=8815_h=6536/patch_39.jpg,zhongshaneryuan
1334,4x,FFPE-N(25),FFPE-N(25)-node-0,ffpe_normal,multi_centers/patch_use/zhongshaneryuan_patches/ffpe/negative-4X/FFPE-N(25)/node-0/x=11125_y=4623_w=8815_h=6536/patch_19.jpg,zhongshaneryuan
1335,4x,FFPE-N(25),FFPE-N(25)-node-0,ffpe_normal,multi_centers/patch_use/zhongshaneryuan_patches/ffpe/negative-4X/FFPE-N(25)/node-0/x=11125_y=4623_w=8815_h=6536/patch_63.jpg,zhongshaneryuan
1336,4x,FFPE-N(25),FFPE-N(25)-node-0,ffpe_normal,multi_centers/patch_use/zhongshaneryuan_patches/ffpe/negative-4X/FFPE-N(25)/node-0/x=11125_y=4623_w=8815_h=6536/patch_35.jpg,zhongshaneryuan
1337,4x,FFPE-N(25),FFPE-N(25)-node-0,ffpe_normal,multi_centers/patch_use/zhongshaneryuan_patches/ffpe/negative-4X/FFPE-N(25)/node-0/x=11125_y=4623_w=8815_h=6536/patch_4.jpg,zhongshaneryuan
1338,4x,FFPE-N(25),FFPE-N(25)-node-0,ffpe_normal,multi_centers/patch_use/zhongshaneryuan_patches/ffpe/negative-4X/FFPE-N(25)/node-0/x=11125_y=4623_w=8815_h=6536/patch_56.jpg,zhongshaneryuan
1339,4x,FFPE-N(25),FFPE-N(25)-node-0,ffpe_normal,multi_centers/patch_use/zhongshaneryuan_patches/ffpe/negative-4X/FFPE-N(25)/node-0/x=11125_y=4623_w=8815_h=6536/patch_86.jpg,zhongshaneryuan
1340,4x,FFPE-N(25),FFPE-N(25)-node-0,ffpe_normal,multi_centers/patch_use/zhongshaneryuan_patches/ffpe/negative-4X/FFPE-N(25)/node-0/x=11125_y=4623_w=8815_h=6536/patch_60.jpg,zhongshaneryuan
1341,4x,FFPE-N(25),FFPE-N(25)-node-0,ffpe_normal,multi_centers/patch_use/zhongshaneryuan_patches/ffpe/negative-4X/FFPE-N(25)/node-0/x=11125_y=4623_w=8815_h=6536/patch_27.jpg,zhongshaneryuan
1342,4x,FFPE-N(25),FFPE-N(25)-node-0,ffpe_normal,multi_centers/patch_use/zhongshaneryuan_patches/ffpe/negative-4X/FFPE-N(25)/node-0/x=11125_y=4623_w=8815_h=6536/patch_41.jpg,zhongshaneryuan
1343,4x,FFPE-N(25),FFPE-N(25)-node-0,ffpe_normal,multi_centers/patch_use/zhongshaneryuan_patches/ffpe/negative-4X/FFPE-N(25)/node-0/x=11125_y=4623_w=8815_h=6536/patch_84.jpg,zhongshaneryuan
1344,4x,FFPE-N(25),FFPE-N(25)-node-0,ffpe_normal,multi_centers/patch_use/zhongshaneryuan_patches/ffpe/negative-4X/FFPE-N(25)/node-0/x=11125_y=4623_w=8815_h=6536/patch_67.jpg,zhongshaneryuan
1345,4x,FFPE-N(25),FFPE-N(25)-node-0,ffpe_normal,multi_centers/patch_use/zhongshaneryuan_patches/ffpe/negative-4X/FFPE-N(25)/node-0/x=11125_y=4623_w=8815_h=6536/patch_34.jpg,zhongshaneryuan
1346,4x,FFPE-N(25),FFPE-N(25)-node-0,ffpe_normal,multi_centers/patch_use/zhongshaneryuan_patches/ffpe/negative-4X/FFPE-N(25)/node-0/x=11125_y=4623_w=8815_h=6536/patch_57.jpg,zhongshaneryuan
1347,4x,FFPE-N(25),FFPE-N(25)-node-0,ffpe_normal,multi_centers/patch_use/zhongshaneryuan_patches/ffpe/negative-4X/FFPE-N(25)/node-0/x=11125_y=4623_w=8815_h=6536/patch_14.jpg,zhongshaneryuan
1348,4x,FFPE-N(25),FFPE-N(25)-node-0,ffpe_normal,multi_centers/patch_use/zhongshaneryuan_patches/ffpe/negative-4X/FFPE-N(25)/node-0/x=11125_y=4623_w=8815_h=6536/patch_53.jpg,zhongshaneryuan
1349,4x,FFPE-N(25),FFPE-N(25)-node-0,ffpe_normal,multi_centers/patch_use/zhongshaneryuan_patches/ffpe/negative-4X/FFPE-N(25)/node-0/x=11125_y=4623_w=8815_h=6536/patch_79.jpg,zhongshaneryuan
1350,4x,FFPE-N(25),FFPE-N(25)-node-0,ffpe_normal,multi_centers/patch_use/zhongshaneryuan_patches/ffpe/negative-4X/FFPE-N(25)/node-0/x=11125_y=4623_w=8815_h=6536/patch_2.jpg,zhongshaneryuan
1351,4x,FFPE-N(23),FFPE-N(23)-node-0,ffpe_normal,multi_centers/patch_use/zhongshaneryuan_patches/ffpe/negative-4X/FFPE-N(23)/node-0/x=8214_y=17682_w=8959_h=6133/patch_44.jpg,zhongshaneryuan
1352,4x,FFPE-N(23),FFPE-N(23)-node-0,ffpe_normal,multi_centers/patch_use/zhongshaneryuan_patches/ffpe/negative-4X/FFPE-N(23)/node-0/x=8214_y=17682_w=8959_h=6133/patch_5.jpg,zhongshaneryuan
1353,4x,FFPE-N(23),FFPE-N(23)-node-0,ffpe_normal,multi_centers/patch_use/zhongshaneryuan_patches/ffpe/negative-4X/FFPE-N(23)/node-0/x=8214_y=17682_w=8959_h=6133/patch_52.jpg,zhongshaneryuan
1354,4x,FFPE-N(23),FFPE-N(23)-node-0,ffpe_normal,multi_centers/patch_use/zhongshaneryuan_patches/ffpe/negative-4X/FFPE-N(23)/node-0/x=8214_y=17682_w=8959_h=6133/patch_36.jpg,zhongshaneryuan
1355,4x,FFPE-N(23),FFPE-N(23)-node-0,ffpe_normal,multi_centers/patch_use/zhongshaneryuan_patches/ffpe/negative-4X/FFPE-N(23)/node-0/x=8214_y=17682_w=8959_h=6133/patch_38.jpg,zhongshaneryuan
1356,4x,FFPE-N(23),FFPE-N(23)-node-0,ffpe_normal,multi_centers/patch_use/zhongshaneryuan_patches/ffpe/negative-4X/FFPE-N(23)/node-0/x=8214_y=17682_w=8959_h=6133/patch_62.jpg,zhongshaneryuan
1357,4x,FFPE-N(23),FFPE-N(23)-node-0,ffpe_normal,multi_centers/patch_use/zhongshaneryuan_patches/ffpe/negative-4X/FFPE-N(23)/node-0/x=8214_y=17682_w=8959_h=6133/patch_45.jpg,zhongshaneryuan
1358,4x,FFPE-N(23),FFPE-N(23)-node-0,ffpe_normal,multi_centers/patch_use/zhongshaneryuan_patches/ffpe/negative-4X/FFPE-N(23)/node-0/x=8214_y=17682_w=8959_h=6133/patch_31.jpg,zhongshaneryuan
1359,4x,FFPE-N(23),FFPE-N(23)-node-0,ffpe_normal,multi_centers/patch_use/zhongshaneryuan_patches/ffpe/negative-4X/FFPE-N(23)/node-0/x=8214_y=17682_w=8959_h=6133/patch_61.jpg,zhongshaneryuan
1360,4x,FFPE-N(23),FFPE-N(23)-node-0,ffpe_normal,multi_centers/patch_use/zhongshaneryuan_patches/ffpe/negative-4X/FFPE-N(23)/node-0/x=8214_y=17682_w=8959_h=6133/patch_65.jpg,zhongshaneryuan
1361,4x,FFPE-N(23),FFPE-N(23)-node-0,ffpe_normal,multi_centers/patch_use/zhongshaneryuan_patches/ffpe/negative-4X/FFPE-N(23)/node-0/x=8214_y=17682_w=8959_h=6133/patch_15.jpg,zhongshaneryuan
1362,4x,FFPE-N(23),FFPE-N(23)-node-0,ffpe_normal,multi_centers/patch_use/zhongshaneryuan_patches/ffpe/negative-4X/FFPE-N(23)/node-0/x=8214_y=17682_w=8959_h=6133/patch_69.jpg,zhongshaneryuan
1363,4x,FFPE-N(23),FFPE-N(23)-node-0,ffpe_normal,multi_centers/patch_use/zhongshaneryuan_patches/ffpe/negative-4X/FFPE-N(23)/node-0/x=8214_y=17682_w=8959_h=6133/patch_18.jpg,zhongshaneryuan
1364,4x,FFPE-N(23),FFPE-N(23)-node-0,ffpe_normal,multi_centers/patch_use/zhongshaneryuan_patches/ffpe/negative-4X/FFPE-N(23)/node-0/x=8214_y=17682_w=8959_h=6133/patch_32.jpg,zhongshaneryuan
1365,4x,FFPE-N(23),FFPE-N(23)-node-0,ffpe_normal,multi_centers/patch_use/zhongshaneryuan_patches/ffpe/negative-4X/FFPE-N(23)/node-0/x=8214_y=17682_w=8959_h=6133/patch_51.jpg,zhongshaneryuan
1366,4x,FFPE-N(23),FFPE-N(23)-node-0,ffpe_normal,multi_centers/patch_use/zhongshaneryuan_patches/ffpe/negative-4X/FFPE-N(23)/node-0/x=8214_y=17682_w=8959_h=6133/patch_47.jpg,zhongshaneryuan
1367,4x,FFPE-N(23),FFPE-N(23)-node-0,ffpe_normal,multi_centers/patch_use/zhongshaneryuan_patches/ffpe/negative-4X/FFPE-N(23)/node-0/x=8214_y=17682_w=8959_h=6133/patch_42.jpg,zhongshaneryuan
1368,4x,FFPE-N(23),FFPE-N(23)-node-0,ffpe_normal,multi_centers/patch_use/zhongshaneryuan_patches/ffpe/negative-4X/FFPE-N(23)/node-0/x=8214_y=17682_w=8959_h=6133/patch_26.jpg,zhongshaneryuan
1369,4x,FFPE-N(23),FFPE-N(23)-node-0,ffpe_normal,multi_centers/patch_use/zhongshaneryuan_patches/ffpe/negative-4X/FFPE-N(23)/node-0/x=8214_y=17682_w=8959_h=6133/patch_73.jpg,zhongshaneryuan
1370,4x,FFPE-N(23),FFPE-N(23)-node-0,ffpe_normal,multi_centers/patch_use/zhongshaneryuan_patches/ffpe/negative-4X/FFPE-N(23)/node-0/x=8214_y=17682_w=8959_h=6133/patch_0.jpg,zhongshaneryuan
1371,4x,FFPE-N(23),FFPE-N(23)-node-0,ffpe_normal,multi_centers/patch_use/zhongshaneryuan_patches/ffpe/negative-4X/FFPE-N(23)/node-0/x=8214_y=17682_w=8959_h=6133/patch_21.jpg,zhongshaneryuan
1372,4x,FFPE-N(23),FFPE-N(23)-node-0,ffpe_normal,multi_centers/patch_use/zhongshaneryuan_patches/ffpe/negative-4X/FFPE-N(23)/node-0/x=8214_y=17682_w=8959_h=6133/patch_25.jpg,zhongshaneryuan
1373,4x,FFPE-N(23),FFPE-N(23)-node-0,ffpe_normal,multi_centers/patch_use/zhongshaneryuan_patches/ffpe/negative-4X/FFPE-N(23)/node-0/x=8214_y=17682_w=8959_h=6133/patch_8.jpg,zhongshaneryuan
1374,4x,FFPE-N(23),FFPE-N(23)-node-0,ffpe_normal,multi_centers/patch_use/zhongshaneryuan_patches/ffpe/negative-4X/FFPE-N(23)/node-0/x=8214_y=17682_w=8959_h=6133/patch_6.jpg,zhongshaneryuan
1375,4x,FFPE-N(23),FFPE-N(23)-node-0,ffpe_normal,multi_centers/patch_use/zhongshaneryuan_patches/ffpe/negative-4X/FFPE-N(23)/node-0/x=8214_y=17682_w=8959_h=6133/patch_22.jpg,zhongshaneryuan
1376,4x,FFPE-N(23),FFPE-N(23)-node-0,ffpe_normal,multi_centers/patch_use/zhongshaneryuan_patches/ffpe/negative-4X/FFPE-N(23)/node-0/x=8214_y=17682_w=8959_h=6133/patch_16.jpg,zhongshaneryuan
1377,4x,FFPE-N(23),FFPE-N(23)-node-0,ffpe_normal,multi_centers/patch_use/zhongshaneryuan_patches/ffpe/negative-4X/FFPE-N(23)/node-0/x=8214_y=17682_w=8959_h=6133/patch_29.jpg,zhongshaneryuan
1378,4x,FFPE-N(23),FFPE-N(23)-node-0,ffpe_normal,multi_centers/patch_use/zhongshaneryuan_patches/ffpe/negative-4X/FFPE-N(23)/node-0/x=8214_y=17682_w=8959_h=6133/patch_17.jpg,zhongshaneryuan
1379,4x,FFPE-N(23),FFPE-N(23)-node-0,ffpe_normal,multi_centers/patch_use/zhongshaneryuan_patches/ffpe/negative-4X/FFPE-N(23)/node-0/x=8214_y=17682_w=8959_h=6133/patch_3.jpg,zhongshaneryuan
1380,4x,FFPE-N(23),FFPE-N(23)-node-0,ffpe_normal,multi_centers/patch_use/zhongshaneryuan_patches/ffpe/negative-4X/FFPE-N(23)/node-0/x=8214_y=17682_w=8959_h=6133/patch_20.jpg,zhongshaneryuan
1381,4x,FFPE-N(23),FFPE-N(23)-node-0,ffpe_normal,multi_centers/patch_use/zhongshaneryuan_patches/ffpe/negative-4X/FFPE-N(23)/node-0/x=8214_y=17682_w=8959_h=6133/patch_64.jpg,zhongshaneryuan
1382,4x,FFPE-N(23),FFPE-N(23)-node-0,ffpe_normal,multi_centers/patch_use/zhongshaneryuan_patches/ffpe/negative-4X/FFPE-N(23)/node-0/x=8214_y=17682_w=8959_h=6133/patch_10.jpg,zhongshaneryuan
1383,4x,FFPE-N(23),FFPE-N(23)-node-0,ffpe_normal,multi_centers/patch_use/zhongshaneryuan_patches/ffpe/negative-4X/FFPE-N(23)/node-0/x=8214_y=17682_w=8959_h=6133/patch_37.jpg,zhongshaneryuan
1384,4x,FFPE-N(23),FFPE-N(23)-node-0,ffpe_normal,multi_centers/patch_use/zhongshaneryuan_patches/ffpe/negative-4X/FFPE-N(23)/node-0/x=8214_y=17682_w=8959_h=6133/patch_46.jpg,zhongshaneryuan
1385,4x,FFPE-N(23),FFPE-N(23)-node-0,ffpe_normal,multi_centers/patch_use/zhongshaneryuan_patches/ffpe/negative-4X/FFPE-N(23)/node-0/x=8214_y=17682_w=8959_h=6133/patch_55.jpg,zhongshaneryuan
1386,4x,FFPE-N(23),FFPE-N(23)-node-0,ffpe_normal,multi_centers/patch_use/zhongshaneryuan_patches/ffpe/negative-4X/FFPE-N(23)/node-0/x=8214_y=17682_w=8959_h=6133/patch_33.jpg,zhongshaneryuan
1387,4x,FFPE-N(23),FFPE-N(23)-node-0,ffpe_normal,multi_centers/patch_use/zhongshaneryuan_patches/ffpe/negative-4X/FFPE-N(23)/node-0/x=8214_y=17682_w=8959_h=6133/patch_50.jpg,zhongshaneryuan
1388,4x,FFPE-N(23),FFPE-N(23)-node-0,ffpe_normal,multi_centers/patch_use/zhongshaneryuan_patches/ffpe/negative-4X/FFPE-N(23)/node-0/x=8214_y=17682_w=8959_h=6133/patch_74.jpg,zhongshaneryuan
1389,4x,FFPE-N(23),FFPE-N(23)-node-0,ffpe_normal,multi_centers/patch_use/zhongshaneryuan_patches/ffpe/negative-4X/FFPE-N(23)/node-0/x=8214_y=17682_w=8959_h=6133/patch_49.jpg,zhongshaneryuan
1390,4x,FFPE-N(23),FFPE-N(23)-node-0,ffpe_normal,multi_centers/patch_use/zhongshaneryuan_patches/ffpe/negative-4X/FFPE-N(23)/node-0/x=8214_y=17682_w=8959_h=6133/patch_58.jpg,zhongshaneryuan
1391,4x,FFPE-N(23),FFPE-N(23)-node-0,ffpe_normal,multi_centers/patch_use/zhongshaneryuan_patches/ffpe/negative-4X/FFPE-N(23)/node-0/x=8214_y=17682_w=8959_h=6133/patch_40.jpg,zhongshaneryuan
1392,4x,FFPE-N(23),FFPE-N(23)-node-0,ffpe_normal,multi_centers/patch_use/zhongshaneryuan_patches/ffpe/negative-4X/FFPE-N(23)/node-0/x=8214_y=17682_w=8959_h=6133/patch_28.jpg,zhongshaneryuan
1393,4x,FFPE-N(23),FFPE-N(23)-node-0,ffpe_normal,multi_centers/patch_use/zhongshaneryuan_patches/ffpe/negative-4X/FFPE-N(23)/node-0/x=8214_y=17682_w=8959_h=6133/patch_12.jpg,zhongshaneryuan
1394,4x,FFPE-N(23),FFPE-N(23)-node-0,ffpe_normal,multi_centers/patch_use/zhongshaneryuan_patches/ffpe/negative-4X/FFPE-N(23)/node-0/x=8214_y=17682_w=8959_h=6133/patch_70.jpg,zhongshaneryuan
1395,4x,FFPE-N(23),FFPE-N(23)-node-0,ffpe_normal,multi_centers/patch_use/zhongshaneryuan_patches/ffpe/negative-4X/FFPE-N(23)/node-0/x=8214_y=17682_w=8959_h=6133/patch_72.jpg,zhongshaneryuan
1396,4x,FFPE-N(23),FFPE-N(23)-node-0,ffpe_normal,multi_centers/patch_use/zhongshaneryuan_patches/ffpe/negative-4X/FFPE-N(23)/node-0/x=8214_y=17682_w=8959_h=6133/patch_48.jpg,zhongshaneryuan
1397,4x,FFPE-N(23),FFPE-N(23)-node-0,ffpe_normal,multi_centers/patch_use/zhongshaneryuan_patches/ffpe/negative-4X/FFPE-N(23)/node-0/x=8214_y=17682_w=8959_h=6133/patch_13.jpg,zhongshaneryuan
1398,4x,FFPE-N(23),FFPE-N(23)-node-0,ffpe_normal,multi_centers/patch_use/zhongshaneryuan_patches/ffpe/negative-4X/FFPE-N(23)/node-0/x=8214_y=17682_w=8959_h=6133/patch_1.jpg,zhongshaneryuan
1399,4x,FFPE-N(23),FFPE-N(23)-node-0,ffpe_normal,multi_centers/patch_use/zhongshaneryuan_patches/ffpe/negative-4X/FFPE-N(23)/node-0/x=8214_y=17682_w=8959_h=6133/patch_9.jpg,zhongshaneryuan
1400,4x,FFPE-N(23),FFPE-N(23)-node-0,ffpe_normal,multi_centers/patch_use/zhongshaneryuan_patches/ffpe/negative-4X/FFPE-N(23)/node-0/x=8214_y=17682_w=8959_h=6133/patch_23.jpg,zhongshaneryuan
1401,4x,FFPE-N(23),FFPE-N(23)-node-0,ffpe_normal,multi_centers/patch_use/zhongshaneryuan_patches/ffpe/negative-4X/FFPE-N(23)/node-0/x=8214_y=17682_w=8959_h=6133/patch_30.jpg,zhongshaneryuan
1402,4x,FFPE-N(23),FFPE-N(23)-node-0,ffpe_normal,multi_centers/patch_use/zhongshaneryuan_patches/ffpe/negative-4X/FFPE-N(23)/node-0/x=8214_y=17682_w=8959_h=6133/patch_59.jpg,zhongshaneryuan
1403,4x,FFPE-N(23),FFPE-N(23)-node-0,ffpe_normal,multi_centers/patch_use/zhongshaneryuan_patches/ffpe/negative-4X/FFPE-N(23)/node-0/x=8214_y=17682_w=8959_h=6133/patch_7.jpg,zhongshaneryuan
1404,4x,FFPE-N(23),FFPE-N(23)-node-0,ffpe_normal,multi_centers/patch_use/zhongshaneryuan_patches/ffpe/negative-4X/FFPE-N(23)/node-0/x=8214_y=17682_w=8959_h=6133/patch_71.jpg,zhongshaneryuan
1405,4x,FFPE-N(23),FFPE-N(23)-node-0,ffpe_normal,multi_centers/patch_use/zhongshaneryuan_patches/ffpe/negative-4X/FFPE-N(23)/node-0/x=8214_y=17682_w=8959_h=6133/patch_68.jpg,zhongshaneryuan
1406,4x,FFPE-N(23),FFPE-N(23)-node-0,ffpe_normal,multi_centers/patch_use/zhongshaneryuan_patches/ffpe/negative-4X/FFPE-N(23)/node-0/x=8214_y=17682_w=8959_h=6133/patch_54.jpg,zhongshaneryuan
1407,4x,FFPE-N(23),FFPE-N(23)-node-0,ffpe_normal,multi_centers/patch_use/zhongshaneryuan_patches/ffpe/negative-4X/FFPE-N(23)/node-0/x=8214_y=17682_w=8959_h=6133/patch_11.jpg,zhongshaneryuan
1408,4x,FFPE-N(23),FFPE-N(23)-node-0,ffpe_normal,multi_centers/patch_use/zhongshaneryuan_patches/ffpe/negative-4X/FFPE-N(23)/node-0/x=8214_y=17682_w=8959_h=6133/patch_43.jpg,zhongshaneryuan
1409,4x,FFPE-N(23),FFPE-N(23)-node-0,ffpe_normal,multi_centers/patch_use/zhongshaneryuan_patches/ffpe/negative-4X/FFPE-N(23)/node-0/x=8214_y=17682_w=8959_h=6133/patch_24.jpg,zhongshaneryuan
1410,4x,FFPE-N(23),FFPE-N(23)-node-0,ffpe_normal,multi_centers/patch_use/zhongshaneryuan_patches/ffpe/negative-4X/FFPE-N(23)/node-0/x=8214_y=17682_w=8959_h=6133/patch_39.jpg,zhongshaneryuan
1411,4x,FFPE-N(23),FFPE-N(23)-node-0,ffpe_normal,multi_centers/patch_use/zhongshaneryuan_patches/ffpe/negative-4X/FFPE-N(23)/node-0/x=8214_y=17682_w=8959_h=6133/patch_19.jpg,zhongshaneryuan
1412,4x,FFPE-N(23),FFPE-N(23)-node-0,ffpe_normal,multi_centers/patch_use/zhongshaneryuan_patches/ffpe/negative-4X/FFPE-N(23)/node-0/x=8214_y=17682_w=8959_h=6133/patch_63.jpg,zhongshaneryuan
1413,4x,FFPE-N(23),FFPE-N(23)-node-0,ffpe_normal,multi_centers/patch_use/zhongshaneryuan_patches/ffpe/negative-4X/FFPE-N(23)/node-0/x=8214_y=17682_w=8959_h=6133/patch_35.jpg,zhongshaneryuan
1414,4x,FFPE-N(23),FFPE-N(23)-node-0,ffpe_normal,multi_centers/patch_use/zhongshaneryuan_patches/ffpe/negative-4X/FFPE-N(23)/node-0/x=8214_y=17682_w=8959_h=6133/patch_4.jpg,zhongshaneryuan
1415,4x,FFPE-N(23),FFPE-N(23)-node-0,ffpe_normal,multi_centers/patch_use/zhongshaneryuan_patches/ffpe/negative-4X/FFPE-N(23)/node-0/x=8214_y=17682_w=8959_h=6133/patch_56.jpg,zhongshaneryuan
1416,4x,FFPE-N(23),FFPE-N(23)-node-0,ffpe_normal,multi_centers/patch_use/zhongshaneryuan_patches/ffpe/negative-4X/FFPE-N(23)/node-0/x=8214_y=17682_w=8959_h=6133/patch_60.jpg,zhongshaneryuan
1417,4x,FFPE-N(23),FFPE-N(23)-node-0,ffpe_normal,multi_centers/patch_use/zhongshaneryuan_patches/ffpe/negative-4X/FFPE-N(23)/node-0/x=8214_y=17682_w=8959_h=6133/patch_27.jpg,zhongshaneryuan
1418,4x,FFPE-N(23),FFPE-N(23)-node-0,ffpe_normal,multi_centers/patch_use/zhongshaneryuan_patches/ffpe/negative-4X/FFPE-N(23)/node-0/x=8214_y=17682_w=8959_h=6133/patch_41.jpg,zhongshaneryuan
1419,4x,FFPE-N(23),FFPE-N(23)-node-0,ffpe_normal,multi_centers/patch_use/zhongshaneryuan_patches/ffpe/negative-4X/FFPE-N(23)/node-0/x=8214_y=17682_w=8959_h=6133/patch_67.jpg,zhongshaneryuan
1420,4x,FFPE-N(23),FFPE-N(23)-node-0,ffpe_normal,multi_centers/patch_use/zhongshaneryuan_patches/ffpe/negative-4X/FFPE-N(23)/node-0/x=8214_y=17682_w=8959_h=6133/patch_34.jpg,zhongshaneryuan
1421,4x,FFPE-N(23),FFPE-N(23)-node-0,ffpe_normal,multi_centers/patch_use/zhongshaneryuan_patches/ffpe/negative-4X/FFPE-N(23)/node-0/x=8214_y=17682_w=8959_h=6133/patch_57.jpg,zhongshaneryuan
1422,4x,FFPE-N(23),FFPE-N(23)-node-0,ffpe_normal,multi_centers/patch_use/zhongshaneryuan_patches/ffpe/negative-4X/FFPE-N(23)/node-0/x=8214_y=17682_w=8959_h=6133/patch_14.jpg,zhongshaneryuan
1423,4x,FFPE-N(23),FFPE-N(23)-node-0,ffpe_normal,multi_centers/patch_use/zhongshaneryuan_patches/ffpe/negative-4X/FFPE-N(23)/node-0/x=8214_y=17682_w=8959_h=6133/patch_53.jpg,zhongshaneryuan
1424,4x,FFPE-N(23),FFPE-N(23)-node-0,ffpe_normal,multi_centers/patch_use/zhongshaneryuan_patches/ffpe/negative-4X/FFPE-N(23)/node-0/x=8214_y=17682_w=8959_h=6133/patch_2.jpg,zhongshaneryuan
2016,4x,FFPE-N(20),FFPE-N(20)-node-0,ffpe_normal,multi_centers/patch_use/zhongshaneryuan_patches/ffpe/negative-4X/FFPE-N(20)/node-0/x=8130_y=19223_w=8567_h=6075/patch_44.jpg,zhongshaneryuan
2017,4x,FFPE-N(20),FFPE-N(20)-node-0,ffpe_normal,multi_centers/patch_use/zhongshaneryuan_patches/ffpe/negative-4X/FFPE-N(20)/node-0/x=8130_y=19223_w=8567_h=6075/patch_5.jpg,zhongshaneryuan
2018,4x,FFPE-N(20),FFPE-N(20)-node-0,ffpe_normal,multi_centers/patch_use/zhongshaneryuan_patches/ffpe/negative-4X/FFPE-N(20)/node-0/x=8130_y=19223_w=8567_h=6075/patch_52.jpg,zhongshaneryuan
2019,4x,FFPE-N(20),FFPE-N(20)-node-0,ffpe_normal,multi_centers/patch_use/zhongshaneryuan_patches/ffpe/negative-4X/FFPE-N(20)/node-0/x=8130_y=19223_w=8567_h=6075/patch_36.jpg,zhongshaneryuan
2020,4x,FFPE-N(20),FFPE-N(20)-node-0,ffpe_normal,multi_centers/patch_use/zhongshaneryuan_patches/ffpe/negative-4X/FFPE-N(20)/node-0/x=8130_y=19223_w=8567_h=6075/patch_38.jpg,zhongshaneryuan
2021,4x,FFPE-N(20),FFPE-N(20)-node-0,ffpe_normal,multi_centers/patch_use/zhongshaneryuan_patches/ffpe/negative-4X/FFPE-N(20)/node-0/x=8130_y=19223_w=8567_h=6075/patch_62.jpg,zhongshaneryuan
2022,4x,FFPE-N(20),FFPE-N(20)-node-0,ffpe_normal,multi_centers/patch_use/zhongshaneryuan_patches/ffpe/negative-4X/FFPE-N(20)/node-0/x=8130_y=19223_w=8567_h=6075/patch_45.jpg,zhongshaneryuan
2023,4x,FFPE-N(20),FFPE-N(20)-node-0,ffpe_normal,multi_centers/patch_use/zhongshaneryuan_patches/ffpe/negative-4X/FFPE-N(20)/node-0/x=8130_y=19223_w=8567_h=6075/patch_31.jpg,zhongshaneryuan
2024,4x,FFPE-N(20),FFPE-N(20)-node-0,ffpe_normal,multi_centers/patch_use/zhongshaneryuan_patches/ffpe/negative-4X/FFPE-N(20)/node-0/x=8130_y=19223_w=8567_h=6075/patch_61.jpg,zhongshaneryuan
2025,4x,FFPE-N(20),FFPE-N(20)-node-0,ffpe_normal,multi_centers/patch_use/zhongshaneryuan_patches/ffpe/negative-4X/FFPE-N(20)/node-0/x=8130_y=19223_w=8567_h=6075/patch_65.jpg,zhongshaneryuan
2026,4x,FFPE-N(20),FFPE-N(20)-node-0,ffpe_normal,multi_centers/patch_use/zhongshaneryuan_patches/ffpe/negative-4X/FFPE-N(20)/node-0/x=8130_y=19223_w=8567_h=6075/patch_15.jpg,zhongshaneryuan
2027,4x,FFPE-N(20),FFPE-N(20)-node-0,ffpe_normal,multi_centers/patch_use/zhongshaneryuan_patches/ffpe/negative-4X/FFPE-N(20)/node-0/x=8130_y=19223_w=8567_h=6075/patch_69.jpg,zhongshaneryuan
2028,4x,FFPE-N(20),FFPE-N(20)-node-0,ffpe_normal,multi_centers/patch_use/zhongshaneryuan_patches/ffpe/negative-4X/FFPE-N(20)/node-0/x=8130_y=19223_w=8567_h=6075/patch_18.jpg,zhongshaneryuan
2029,4x,FFPE-N(20),FFPE-N(20)-node-0,ffpe_normal,multi_centers/patch_use/zhongshaneryuan_patches/ffpe/negative-4X/FFPE-N(20)/node-0/x=8130_y=19223_w=8567_h=6075/patch_32.jpg,zhongshaneryuan
2030,4x,FFPE-N(20),FFPE-N(20)-node-0,ffpe_normal,multi_centers/patch_use/zhongshaneryuan_patches/ffpe/negative-4X/FFPE-N(20)/node-0/x=8130_y=19223_w=8567_h=6075/patch_51.jpg,zhongshaneryuan
2031,4x,FFPE-N(20),FFPE-N(20)-node-0,ffpe_normal,multi_centers/patch_use/zhongshaneryuan_patches/ffpe/negative-4X/FFPE-N(20)/node-0/x=8130_y=19223_w=8567_h=6075/patch_47.jpg,zhongshaneryuan
2032,4x,FFPE-N(20),FFPE-N(20)-node-0,ffpe_normal,multi_centers/patch_use/zhongshaneryuan_patches/ffpe/negative-4X/FFPE-N(20)/node-0/x=8130_y=19223_w=8567_h=6075/patch_42.jpg,zhongshaneryuan
2033,4x,FFPE-N(20),FFPE-N(20)-node-0,ffpe_normal,multi_centers/patch_use/zhongshaneryuan_patches/ffpe/negative-4X/FFPE-N(20)/node-0/x=8130_y=19223_w=8567_h=6075/patch_26.jpg,zhongshaneryuan
2034,4x,FFPE-N(20),FFPE-N(20)-node-0,ffpe_normal,multi_centers/patch_use/zhongshaneryuan_patches/ffpe/negative-4X/FFPE-N(20)/node-0/x=8130_y=19223_w=8567_h=6075/patch_73.jpg,zhongshaneryuan
2035,4x,FFPE-N(20),FFPE-N(20)-node-0,ffpe_normal,multi_centers/patch_use/zhongshaneryuan_patches/ffpe/negative-4X/FFPE-N(20)/node-0/x=8130_y=19223_w=8567_h=6075/patch_21.jpg,zhongshaneryuan
2036,4x,FFPE-N(20),FFPE-N(20)-node-0,ffpe_normal,multi_centers/patch_use/zhongshaneryuan_patches/ffpe/negative-4X/FFPE-N(20)/node-0/x=8130_y=19223_w=8567_h=6075/patch_25.jpg,zhongshaneryuan
2037,4x,FFPE-N(20),FFPE-N(20)-node-0,ffpe_normal,multi_centers/patch_use/zhongshaneryuan_patches/ffpe/negative-4X/FFPE-N(20)/node-0/x=8130_y=19223_w=8567_h=6075/patch_75.jpg,zhongshaneryuan
2038,4x,FFPE-N(20),FFPE-N(20)-node-0,ffpe_normal,multi_centers/patch_use/zhongshaneryuan_patches/ffpe/negative-4X/FFPE-N(20)/node-0/x=8130_y=19223_w=8567_h=6075/patch_8.jpg,zhongshaneryuan
2039,4x,FFPE-N(20),FFPE-N(20)-node-0,ffpe_normal,multi_centers/patch_use/zhongshaneryuan_patches/ffpe/negative-4X/FFPE-N(20)/node-0/x=8130_y=19223_w=8567_h=6075/patch_6.jpg,zhongshaneryuan
2040,4x,FFPE-N(20),FFPE-N(20)-node-0,ffpe_normal,multi_centers/patch_use/zhongshaneryuan_patches/ffpe/negative-4X/FFPE-N(20)/node-0/x=8130_y=19223_w=8567_h=6075/patch_22.jpg,zhongshaneryuan
2041,4x,FFPE-N(20),FFPE-N(20)-node-0,ffpe_normal,multi_centers/patch_use/zhongshaneryuan_patches/ffpe/negative-4X/FFPE-N(20)/node-0/x=8130_y=19223_w=8567_h=6075/patch_16.jpg,zhongshaneryuan
2042,4x,FFPE-N(20),FFPE-N(20)-node-0,ffpe_normal,multi_centers/patch_use/zhongshaneryuan_patches/ffpe/negative-4X/FFPE-N(20)/node-0/x=8130_y=19223_w=8567_h=6075/patch_29.jpg,zhongshaneryuan
2043,4x,FFPE-N(20),FFPE-N(20)-node-0,ffpe_normal,multi_centers/patch_use/zhongshaneryuan_patches/ffpe/negative-4X/FFPE-N(20)/node-0/x=8130_y=19223_w=8567_h=6075/patch_17.jpg,zhongshaneryuan
2044,4x,FFPE-N(20),FFPE-N(20)-node-0,ffpe_normal,multi_centers/patch_use/zhongshaneryuan_patches/ffpe/negative-4X/FFPE-N(20)/node-0/x=8130_y=19223_w=8567_h=6075/patch_3.jpg,zhongshaneryuan
2045,4x,FFPE-N(20),FFPE-N(20)-node-0,ffpe_normal,multi_centers/patch_use/zhongshaneryuan_patches/ffpe/negative-4X/FFPE-N(20)/node-0/x=8130_y=19223_w=8567_h=6075/patch_20.jpg,zhongshaneryuan
2046,4x,FFPE-N(20),FFPE-N(20)-node-0,ffpe_normal,multi_centers/patch_use/zhongshaneryuan_patches/ffpe/negative-4X/FFPE-N(20)/node-0/x=8130_y=19223_w=8567_h=6075/patch_64.jpg,zhongshaneryuan
2047,4x,FFPE-N(20),FFPE-N(20)-node-0,ffpe_normal,multi_centers/patch_use/zhongshaneryuan_patches/ffpe/negative-4X/FFPE-N(20)/node-0/x=8130_y=19223_w=8567_h=6075/patch_10.jpg,zhongshaneryuan
2048,4x,FFPE-N(20),FFPE-N(20)-node-0,ffpe_normal,multi_centers/patch_use/zhongshaneryuan_patches/ffpe/negative-4X/FFPE-N(20)/node-0/x=8130_y=19223_w=8567_h=6075/patch_37.jpg,zhongshaneryuan
2049,4x,FFPE-N(20),FFPE-N(20)-node-0,ffpe_normal,multi_centers/patch_use/zhongshaneryuan_patches/ffpe/negative-4X/FFPE-N(20)/node-0/x=8130_y=19223_w=8567_h=6075/patch_46.jpg,zhongshaneryuan
2050,4x,FFPE-N(20),FFPE-N(20)-node-0,ffpe_normal,multi_centers/patch_use/zhongshaneryuan_patches/ffpe/negative-4X/FFPE-N(20)/node-0/x=8130_y=19223_w=8567_h=6075/patch_55.jpg,zhongshaneryuan
2051,4x,FFPE-N(20),FFPE-N(20)-node-0,ffpe_normal,multi_centers/patch_use/zhongshaneryuan_patches/ffpe/negative-4X/FFPE-N(20)/node-0/x=8130_y=19223_w=8567_h=6075/patch_33.jpg,zhongshaneryuan
2052,4x,FFPE-N(20),FFPE-N(20)-node-0,ffpe_normal,multi_centers/patch_use/zhongshaneryuan_patches/ffpe/negative-4X/FFPE-N(20)/node-0/x=8130_y=19223_w=8567_h=6075/patch_50.jpg,zhongshaneryuan
2053,4x,FFPE-N(20),FFPE-N(20)-node-0,ffpe_normal,multi_centers/patch_use/zhongshaneryuan_patches/ffpe/negative-4X/FFPE-N(20)/node-0/x=8130_y=19223_w=8567_h=6075/patch_74.jpg,zhongshaneryuan
2054,4x,FFPE-N(20),FFPE-N(20)-node-0,ffpe_normal,multi_centers/patch_use/zhongshaneryuan_patches/ffpe/negative-4X/FFPE-N(20)/node-0/x=8130_y=19223_w=8567_h=6075/patch_49.jpg,zhongshaneryuan
2055,4x,FFPE-N(20),FFPE-N(20)-node-0,ffpe_normal,multi_centers/patch_use/zhongshaneryuan_patches/ffpe/negative-4X/FFPE-N(20)/node-0/x=8130_y=19223_w=8567_h=6075/patch_58.jpg,zhongshaneryuan
2056,4x,FFPE-N(20),FFPE-N(20)-node-0,ffpe_normal,multi_centers/patch_use/zhongshaneryuan_patches/ffpe/negative-4X/FFPE-N(20)/node-0/x=8130_y=19223_w=8567_h=6075/patch_40.jpg,zhongshaneryuan
2057,4x,FFPE-N(20),FFPE-N(20)-node-0,ffpe_normal,multi_centers/patch_use/zhongshaneryuan_patches/ffpe/negative-4X/FFPE-N(20)/node-0/x=8130_y=19223_w=8567_h=6075/patch_28.jpg,zhongshaneryuan
2058,4x,FFPE-N(20),FFPE-N(20)-node-0,ffpe_normal,multi_centers/patch_use/zhongshaneryuan_patches/ffpe/negative-4X/FFPE-N(20)/node-0/x=8130_y=19223_w=8567_h=6075/patch_12.jpg,zhongshaneryuan
2059,4x,FFPE-N(20),FFPE-N(20)-node-0,ffpe_normal,multi_centers/patch_use/zhongshaneryuan_patches/ffpe/negative-4X/FFPE-N(20)/node-0/x=8130_y=19223_w=8567_h=6075/patch_70.jpg,zhongshaneryuan
2060,4x,FFPE-N(20),FFPE-N(20)-node-0,ffpe_normal,multi_centers/patch_use/zhongshaneryuan_patches/ffpe/negative-4X/FFPE-N(20)/node-0/x=8130_y=19223_w=8567_h=6075/patch_72.jpg,zhongshaneryuan
2061,4x,FFPE-N(20),FFPE-N(20)-node-0,ffpe_normal,multi_centers/patch_use/zhongshaneryuan_patches/ffpe/negative-4X/FFPE-N(20)/node-0/x=8130_y=19223_w=8567_h=6075/patch_48.jpg,zhongshaneryuan
2062,4x,FFPE-N(20),FFPE-N(20)-node-0,ffpe_normal,multi_centers/patch_use/zhongshaneryuan_patches/ffpe/negative-4X/FFPE-N(20)/node-0/x=8130_y=19223_w=8567_h=6075/patch_13.jpg,zhongshaneryuan
2063,4x,FFPE-N(20),FFPE-N(20)-node-0,ffpe_normal,multi_centers/patch_use/zhongshaneryuan_patches/ffpe/negative-4X/FFPE-N(20)/node-0/x=8130_y=19223_w=8567_h=6075/patch_9.jpg,zhongshaneryuan
2064,4x,FFPE-N(20),FFPE-N(20)-node-0,ffpe_normal,multi_centers/patch_use/zhongshaneryuan_patches/ffpe/negative-4X/FFPE-N(20)/node-0/x=8130_y=19223_w=8567_h=6075/patch_23.jpg,zhongshaneryuan
2065,4x,FFPE-N(20),FFPE-N(20)-node-0,ffpe_normal,multi_centers/patch_use/zhongshaneryuan_patches/ffpe/negative-4X/FFPE-N(20)/node-0/x=8130_y=19223_w=8567_h=6075/patch_30.jpg,zhongshaneryuan
2066,4x,FFPE-N(20),FFPE-N(20)-node-0,ffpe_normal,multi_centers/patch_use/zhongshaneryuan_patches/ffpe/negative-4X/FFPE-N(20)/node-0/x=8130_y=19223_w=8567_h=6075/patch_59.jpg,zhongshaneryuan
2067,4x,FFPE-N(20),FFPE-N(20)-node-0,ffpe_normal,multi_centers/patch_use/zhongshaneryuan_patches/ffpe/negative-4X/FFPE-N(20)/node-0/x=8130_y=19223_w=8567_h=6075/patch_7.jpg,zhongshaneryuan
2068,4x,FFPE-N(20),FFPE-N(20)-node-0,ffpe_normal,multi_centers/patch_use/zhongshaneryuan_patches/ffpe/negative-4X/FFPE-N(20)/node-0/x=8130_y=19223_w=8567_h=6075/patch_71.jpg,zhongshaneryuan
2069,4x,FFPE-N(20),FFPE-N(20)-node-0,ffpe_normal,multi_centers/patch_use/zhongshaneryuan_patches/ffpe/negative-4X/FFPE-N(20)/node-0/x=8130_y=19223_w=8567_h=6075/patch_68.jpg,zhongshaneryuan
2070,4x,FFPE-N(20),FFPE-N(20)-node-0,ffpe_normal,multi_centers/patch_use/zhongshaneryuan_patches/ffpe/negative-4X/FFPE-N(20)/node-0/x=8130_y=19223_w=8567_h=6075/patch_54.jpg,zhongshaneryuan
2071,4x,FFPE-N(20),FFPE-N(20)-node-0,ffpe_normal,multi_centers/patch_use/zhongshaneryuan_patches/ffpe/negative-4X/FFPE-N(20)/node-0/x=8130_y=19223_w=8567_h=6075/patch_43.jpg,zhongshaneryuan
2072,4x,FFPE-N(20),FFPE-N(20)-node-0,ffpe_normal,multi_centers/patch_use/zhongshaneryuan_patches/ffpe/negative-4X/FFPE-N(20)/node-0/x=8130_y=19223_w=8567_h=6075/patch_24.jpg,zhongshaneryuan
2073,4x,FFPE-N(20),FFPE-N(20)-node-0,ffpe_normal,multi_centers/patch_use/zhongshaneryuan_patches/ffpe/negative-4X/FFPE-N(20)/node-0/x=8130_y=19223_w=8567_h=6075/patch_39.jpg,zhongshaneryuan
2074,4x,FFPE-N(20),FFPE-N(20)-node-0,ffpe_normal,multi_centers/patch_use/zhongshaneryuan_patches/ffpe/negative-4X/FFPE-N(20)/node-0/x=8130_y=19223_w=8567_h=6075/patch_19.jpg,zhongshaneryuan
2075,4x,FFPE-N(20),FFPE-N(20)-node-0,ffpe_normal,multi_centers/patch_use/zhongshaneryuan_patches/ffpe/negative-4X/FFPE-N(20)/node-0/x=8130_y=19223_w=8567_h=6075/patch_63.jpg,zhongshaneryuan
2076,4x,FFPE-N(20),FFPE-N(20)-node-0,ffpe_normal,multi_centers/patch_use/zhongshaneryuan_patches/ffpe/negative-4X/FFPE-N(20)/node-0/x=8130_y=19223_w=8567_h=6075/patch_35.jpg,zhongshaneryuan
2077,4x,FFPE-N(20),FFPE-N(20)-node-0,ffpe_normal,multi_centers/patch_use/zhongshaneryuan_patches/ffpe/negative-4X/FFPE-N(20)/node-0/x=8130_y=19223_w=8567_h=6075/patch_4.jpg,zhongshaneryuan
2078,4x,FFPE-N(20),FFPE-N(20)-node-0,ffpe_normal,multi_centers/patch_use/zhongshaneryuan_patches/ffpe/negative-4X/FFPE-N(20)/node-0/x=8130_y=19223_w=8567_h=6075/patch_56.jpg,zhongshaneryuan
2079,4x,FFPE-N(20),FFPE-N(20)-node-0,ffpe_normal,multi_centers/patch_use/zhongshaneryuan_patches/ffpe/negative-4X/FFPE-N(20)/node-0/x=8130_y=19223_w=8567_h=6075/patch_60.jpg,zhongshaneryuan
2080,4x,FFPE-N(20),FFPE-N(20)-node-0,ffpe_normal,multi_centers/patch_use/zhongshaneryuan_patches/ffpe/negative-4X/FFPE-N(20)/node-0/x=8130_y=19223_w=8567_h=6075/patch_27.jpg,zhongshaneryuan
2081,4x,FFPE-N(20),FFPE-N(20)-node-0,ffpe_normal,multi_centers/patch_use/zhongshaneryuan_patches/ffpe/negative-4X/FFPE-N(20)/node-0/x=8130_y=19223_w=8567_h=6075/patch_41.jpg,zhongshaneryuan
2082,4x,FFPE-N(20),FFPE-N(20)-node-0,ffpe_normal,multi_centers/patch_use/zhongshaneryuan_patches/ffpe/negative-4X/FFPE-N(20)/node-0/x=8130_y=19223_w=8567_h=6075/patch_67.jpg,zhongshaneryuan
2083,4x,FFPE-N(20),FFPE-N(20)-node-0,ffpe_normal,multi_centers/patch_use/zhongshaneryuan_patches/ffpe/negative-4X/FFPE-N(20)/node-0/x=8130_y=19223_w=8567_h=6075/patch_34.jpg,zhongshaneryuan
2084,4x,FFPE-N(20),FFPE-N(20)-node-0,ffpe_normal,multi_centers/patch_use/zhongshaneryuan_patches/ffpe/negative-4X/FFPE-N(20)/node-0/x=8130_y=19223_w=8567_h=6075/patch_57.jpg,zhongshaneryuan
2085,4x,FFPE-N(20),FFPE-N(20)-node-0,ffpe_normal,multi_centers/patch_use/zhongshaneryuan_patches/ffpe/negative-4X/FFPE-N(20)/node-0/x=8130_y=19223_w=8567_h=6075/patch_14.jpg,zhongshaneryuan
2086,4x,FFPE-N(20),FFPE-N(20)-node-0,ffpe_normal,multi_centers/patch_use/zhongshaneryuan_patches/ffpe/negative-4X/FFPE-N(20)/node-0/x=8130_y=19223_w=8567_h=6075/patch_53.jpg,zhongshaneryuan
2087,4x,FFPE-N(20),FFPE-N(20)-node-0,ffpe_normal,multi_centers/patch_use/zhongshaneryuan_patches/ffpe/negative-4X/FFPE-N(20)/node-0/x=8130_y=19223_w=8567_h=6075/patch_2.jpg,zhongshaneryuan
316,4x,FFPE-P(35),FFPE-P(35)-node-0,ffpe_micro,multi_centers/patch_use/zhongshaneryuan_patches/ffpe/micro-4X/FFPE-P(35)/node-0/x=21664_y=29026_w=8765_h=5647/patch_71.jpg,zhongshaneryuan
2320,4x,FFPE-N(6),FFPE-N(6)-node-0,ffpe_normal,multi_centers/patch_use/zhongshaneryuan_patches/ffpe/negative-4X/FFPE-N(6)/node-0/x=2684_y=6916_w=8818_h=5874/patch_66.jpg,zhongshaneryuan
2321,4x,FFPE-N(6),FFPE-N(6)-node-0,ffpe_normal,multi_centers/patch_use/zhongshaneryuan_patches/ffpe/negative-4X/FFPE-N(6)/node-0/x=2684_y=6916_w=8818_h=5874/patch_44.jpg,zhongshaneryuan
2322,4x,FFPE-N(6),FFPE-N(6)-node-0,ffpe_normal,multi_centers/patch_use/zhongshaneryuan_patches/ffpe/negative-4X/FFPE-N(6)/node-0/x=2684_y=6916_w=8818_h=5874/patch_5.jpg,zhongshaneryuan
2323,4x,FFPE-N(6),FFPE-N(6)-node-0,ffpe_normal,multi_centers/patch_use/zhongshaneryuan_patches/ffpe/negative-4X/FFPE-N(6)/node-0/x=2684_y=6916_w=8818_h=5874/patch_52.jpg,zhongshaneryuan
2324,4x,FFPE-N(6),FFPE-N(6)-node-0,ffpe_normal,multi_centers/patch_use/zhongshaneryuan_patches/ffpe/negative-4X/FFPE-N(6)/node-0/x=2684_y=6916_w=8818_h=5874/patch_36.jpg,zhongshaneryuan
2325,4x,FFPE-N(6),FFPE-N(6)-node-0,ffpe_normal,multi_centers/patch_use/zhongshaneryuan_patches/ffpe/negative-4X/FFPE-N(6)/node-0/x=2684_y=6916_w=8818_h=5874/patch_38.jpg,zhongshaneryuan
2326,4x,FFPE-N(6),FFPE-N(6)-node-0,ffpe_normal,multi_centers/patch_use/zhongshaneryuan_patches/ffpe/negative-4X/FFPE-N(6)/node-0/x=2684_y=6916_w=8818_h=5874/patch_62.jpg,zhongshaneryuan
2327,4x,FFPE-N(6),FFPE-N(6)-node-0,ffpe_normal,multi_centers/patch_use/zhongshaneryuan_patches/ffpe/negative-4X/FFPE-N(6)/node-0/x=2684_y=6916_w=8818_h=5874/patch_45.jpg,zhongshaneryuan
2328,4x,FFPE-N(6),FFPE-N(6)-node-0,ffpe_normal,multi_centers/patch_use/zhongshaneryuan_patches/ffpe/negative-4X/FFPE-N(6)/node-0/x=2684_y=6916_w=8818_h=5874/patch_31.jpg,zhongshaneryuan
2329,4x,FFPE-N(6),FFPE-N(6)-node-0,ffpe_normal,multi_centers/patch_use/zhongshaneryuan_patches/ffpe/negative-4X/FFPE-N(6)/node-0/x=2684_y=6916_w=8818_h=5874/patch_61.jpg,zhongshaneryuan
2330,4x,FFPE-N(6),FFPE-N(6)-node-0,ffpe_normal,multi_centers/patch_use/zhongshaneryuan_patches/ffpe/negative-4X/FFPE-N(6)/node-0/x=2684_y=6916_w=8818_h=5874/patch_65.jpg,zhongshaneryuan
2331,4x,FFPE-N(6),FFPE-N(6)-node-0,ffpe_normal,multi_centers/patch_use/zhongshaneryuan_patches/ffpe/negative-4X/FFPE-N(6)/node-0/x=2684_y=6916_w=8818_h=5874/patch_15.jpg,zhongshaneryuan
2332,4x,FFPE-N(6),FFPE-N(6)-node-0,ffpe_normal,multi_centers/patch_use/zhongshaneryuan_patches/ffpe/negative-4X/FFPE-N(6)/node-0/x=2684_y=6916_w=8818_h=5874/patch_69.jpg,zhongshaneryuan
2333,4x,FFPE-N(6),FFPE-N(6)-node-0,ffpe_normal,multi_centers/patch_use/zhongshaneryuan_patches/ffpe/negative-4X/FFPE-N(6)/node-0/x=2684_y=6916_w=8818_h=5874/patch_18.jpg,zhongshaneryuan
2334,4x,FFPE-N(6),FFPE-N(6)-node-0,ffpe_normal,multi_centers/patch_use/zhongshaneryuan_patches/ffpe/negative-4X/FFPE-N(6)/node-0/x=2684_y=6916_w=8818_h=5874/patch_32.jpg,zhongshaneryuan
2335,4x,FFPE-N(6),FFPE-N(6)-node-0,ffpe_normal,multi_centers/patch_use/zhongshaneryuan_patches/ffpe/negative-4X/FFPE-N(6)/node-0/x=2684_y=6916_w=8818_h=5874/patch_51.jpg,zhongshaneryuan
2336,4x,FFPE-N(6),FFPE-N(6)-node-0,ffpe_normal,multi_centers/patch_use/zhongshaneryuan_patches/ffpe/negative-4X/FFPE-N(6)/node-0/x=2684_y=6916_w=8818_h=5874/patch_47.jpg,zhongshaneryuan
2337,4x,FFPE-N(6),FFPE-N(6)-node-0,ffpe_normal,multi_centers/patch_use/zhongshaneryuan_patches/ffpe/negative-4X/FFPE-N(6)/node-0/x=2684_y=6916_w=8818_h=5874/patch_42.jpg,zhongshaneryuan
2338,4x,FFPE-N(6),FFPE-N(6)-node-0,ffpe_normal,multi_centers/patch_use/zhongshaneryuan_patches/ffpe/negative-4X/FFPE-N(6)/node-0/x=2684_y=6916_w=8818_h=5874/patch_26.jpg,zhongshaneryuan
2339,4x,FFPE-N(6),FFPE-N(6)-node-0,ffpe_normal,multi_centers/patch_use/zhongshaneryuan_patches/ffpe/negative-4X/FFPE-N(6)/node-0/x=2684_y=6916_w=8818_h=5874/patch_73.jpg,zhongshaneryuan
2340,4x,FFPE-N(6),FFPE-N(6)-node-0,ffpe_normal,multi_centers/patch_use/zhongshaneryuan_patches/ffpe/negative-4X/FFPE-N(6)/node-0/x=2684_y=6916_w=8818_h=5874/patch_21.jpg,zhongshaneryuan
2341,4x,FFPE-N(6),FFPE-N(6)-node-0,ffpe_normal,multi_centers/patch_use/zhongshaneryuan_patches/ffpe/negative-4X/FFPE-N(6)/node-0/x=2684_y=6916_w=8818_h=5874/patch_25.jpg,zhongshaneryuan
2342,4x,FFPE-N(6),FFPE-N(6)-node-0,ffpe_normal,multi_centers/patch_use/zhongshaneryuan_patches/ffpe/negative-4X/FFPE-N(6)/node-0/x=2684_y=6916_w=8818_h=5874/patch_75.jpg,zhongshaneryuan
2343,4x,FFPE-N(6),FFPE-N(6)-node-0,ffpe_normal,multi_centers/patch_use/zhongshaneryuan_patches/ffpe/negative-4X/FFPE-N(6)/node-0/x=2684_y=6916_w=8818_h=5874/patch_8.jpg,zhongshaneryuan
2344,4x,FFPE-N(6),FFPE-N(6)-node-0,ffpe_normal,multi_centers/patch_use/zhongshaneryuan_patches/ffpe/negative-4X/FFPE-N(6)/node-0/x=2684_y=6916_w=8818_h=5874/patch_6.jpg,zhongshaneryuan
2345,4x,FFPE-N(6),FFPE-N(6)-node-0,ffpe_normal,multi_centers/patch_use/zhongshaneryuan_patches/ffpe/negative-4X/FFPE-N(6)/node-0/x=2684_y=6916_w=8818_h=5874/patch_22.jpg,zhongshaneryuan
2346,4x,FFPE-N(6),FFPE-N(6)-node-0,ffpe_normal,multi_centers/patch_use/zhongshaneryuan_patches/ffpe/negative-4X/FFPE-N(6)/node-0/x=2684_y=6916_w=8818_h=5874/patch_16.jpg,zhongshaneryuan
2347,4x,FFPE-N(6),FFPE-N(6)-node-0,ffpe_normal,multi_centers/patch_use/zhongshaneryuan_patches/ffpe/negative-4X/FFPE-N(6)/node-0/x=2684_y=6916_w=8818_h=5874/patch_29.jpg,zhongshaneryuan
2348,4x,FFPE-N(6),FFPE-N(6)-node-0,ffpe_normal,multi_centers/patch_use/zhongshaneryuan_patches/ffpe/negative-4X/FFPE-N(6)/node-0/x=2684_y=6916_w=8818_h=5874/patch_17.jpg,zhongshaneryuan
2349,4x,FFPE-N(6),FFPE-N(6)-node-0,ffpe_normal,multi_centers/patch_use/zhongshaneryuan_patches/ffpe/negative-4X/FFPE-N(6)/node-0/x=2684_y=6916_w=8818_h=5874/patch_3.jpg,zhongshaneryuan
2350,4x,FFPE-N(6),FFPE-N(6)-node-0,ffpe_normal,multi_centers/patch_use/zhongshaneryuan_patches/ffpe/negative-4X/FFPE-N(6)/node-0/x=2684_y=6916_w=8818_h=5874/patch_20.jpg,zhongshaneryuan
2351,4x,FFPE-N(6),FFPE-N(6)-node-0,ffpe_normal,multi_centers/patch_use/zhongshaneryuan_patches/ffpe/negative-4X/FFPE-N(6)/node-0/x=2684_y=6916_w=8818_h=5874/patch_64.jpg,zhongshaneryuan
2352,4x,FFPE-N(6),FFPE-N(6)-node-0,ffpe_normal,multi_centers/patch_use/zhongshaneryuan_patches/ffpe/negative-4X/FFPE-N(6)/node-0/x=2684_y=6916_w=8818_h=5874/patch_37.jpg,zhongshaneryuan
2353,4x,FFPE-N(6),FFPE-N(6)-node-0,ffpe_normal,multi_centers/patch_use/zhongshaneryuan_patches/ffpe/negative-4X/FFPE-N(6)/node-0/x=2684_y=6916_w=8818_h=5874/patch_46.jpg,zhongshaneryuan
2354,4x,FFPE-N(6),FFPE-N(6)-node-0,ffpe_normal,multi_centers/patch_use/zhongshaneryuan_patches/ffpe/negative-4X/FFPE-N(6)/node-0/x=2684_y=6916_w=8818_h=5874/patch_55.jpg,zhongshaneryuan
2355,4x,FFPE-N(6),FFPE-N(6)-node-0,ffpe_normal,multi_centers/patch_use/zhongshaneryuan_patches/ffpe/negative-4X/FFPE-N(6)/node-0/x=2684_y=6916_w=8818_h=5874/patch_33.jpg,zhongshaneryuan
2356,4x,FFPE-N(6),FFPE-N(6)-node-0,ffpe_normal,multi_centers/patch_use/zhongshaneryuan_patches/ffpe/negative-4X/FFPE-N(6)/node-0/x=2684_y=6916_w=8818_h=5874/patch_50.jpg,zhongshaneryuan
2357,4x,FFPE-N(6),FFPE-N(6)-node-0,ffpe_normal,multi_centers/patch_use/zhongshaneryuan_patches/ffpe/negative-4X/FFPE-N(6)/node-0/x=2684_y=6916_w=8818_h=5874/patch_76.jpg,zhongshaneryuan
2358,4x,FFPE-N(6),FFPE-N(6)-node-0,ffpe_normal,multi_centers/patch_use/zhongshaneryuan_patches/ffpe/negative-4X/FFPE-N(6)/node-0/x=2684_y=6916_w=8818_h=5874/patch_74.jpg,zhongshaneryuan
2359,4x,FFPE-N(6),FFPE-N(6)-node-0,ffpe_normal,multi_centers/patch_use/zhongshaneryuan_patches/ffpe/negative-4X/FFPE-N(6)/node-0/x=2684_y=6916_w=8818_h=5874/patch_49.jpg,zhongshaneryuan
2360,4x,FFPE-N(6),FFPE-N(6)-node-0,ffpe_normal,multi_centers/patch_use/zhongshaneryuan_patches/ffpe/negative-4X/FFPE-N(6)/node-0/x=2684_y=6916_w=8818_h=5874/patch_58.jpg,zhongshaneryuan
2361,4x,FFPE-N(6),FFPE-N(6)-node-0,ffpe_normal,multi_centers/patch_use/zhongshaneryuan_patches/ffpe/negative-4X/FFPE-N(6)/node-0/x=2684_y=6916_w=8818_h=5874/patch_40.jpg,zhongshaneryuan
2362,4x,FFPE-N(6),FFPE-N(6)-node-0,ffpe_normal,multi_centers/patch_use/zhongshaneryuan_patches/ffpe/negative-4X/FFPE-N(6)/node-0/x=2684_y=6916_w=8818_h=5874/patch_28.jpg,zhongshaneryuan
2363,4x,FFPE-N(6),FFPE-N(6)-node-0,ffpe_normal,multi_centers/patch_use/zhongshaneryuan_patches/ffpe/negative-4X/FFPE-N(6)/node-0/x=2684_y=6916_w=8818_h=5874/patch_12.jpg,zhongshaneryuan
2364,4x,FFPE-N(6),FFPE-N(6)-node-0,ffpe_normal,multi_centers/patch_use/zhongshaneryuan_patches/ffpe/negative-4X/FFPE-N(6)/node-0/x=2684_y=6916_w=8818_h=5874/patch_70.jpg,zhongshaneryuan
2365,4x,FFPE-N(6),FFPE-N(6)-node-0,ffpe_normal,multi_centers/patch_use/zhongshaneryuan_patches/ffpe/negative-4X/FFPE-N(6)/node-0/x=2684_y=6916_w=8818_h=5874/patch_72.jpg,zhongshaneryuan
2366,4x,FFPE-N(6),FFPE-N(6)-node-0,ffpe_normal,multi_centers/patch_use/zhongshaneryuan_patches/ffpe/negative-4X/FFPE-N(6)/node-0/x=2684_y=6916_w=8818_h=5874/patch_48.jpg,zhongshaneryuan
2367,4x,FFPE-N(6),FFPE-N(6)-node-0,ffpe_normal,multi_centers/patch_use/zhongshaneryuan_patches/ffpe/negative-4X/FFPE-N(6)/node-0/x=2684_y=6916_w=8818_h=5874/patch_13.jpg,zhongshaneryuan
2368,4x,FFPE-N(6),FFPE-N(6)-node-0,ffpe_normal,multi_centers/patch_use/zhongshaneryuan_patches/ffpe/negative-4X/FFPE-N(6)/node-0/x=2684_y=6916_w=8818_h=5874/patch_23.jpg,zhongshaneryuan
2369,4x,FFPE-N(6),FFPE-N(6)-node-0,ffpe_normal,multi_centers/patch_use/zhongshaneryuan_patches/ffpe/negative-4X/FFPE-N(6)/node-0/x=2684_y=6916_w=8818_h=5874/patch_30.jpg,zhongshaneryuan
2370,4x,FFPE-N(6),FFPE-N(6)-node-0,ffpe_normal,multi_centers/patch_use/zhongshaneryuan_patches/ffpe/negative-4X/FFPE-N(6)/node-0/x=2684_y=6916_w=8818_h=5874/patch_59.jpg,zhongshaneryuan
2371,4x,FFPE-N(6),FFPE-N(6)-node-0,ffpe_normal,multi_centers/patch_use/zhongshaneryuan_patches/ffpe/negative-4X/FFPE-N(6)/node-0/x=2684_y=6916_w=8818_h=5874/patch_7.jpg,zhongshaneryuan
2372,4x,FFPE-N(6),FFPE-N(6)-node-0,ffpe_normal,multi_centers/patch_use/zhongshaneryuan_patches/ffpe/negative-4X/FFPE-N(6)/node-0/x=2684_y=6916_w=8818_h=5874/patch_71.jpg,zhongshaneryuan
2373,4x,FFPE-N(6),FFPE-N(6)-node-0,ffpe_normal,multi_centers/patch_use/zhongshaneryuan_patches/ffpe/negative-4X/FFPE-N(6)/node-0/x=2684_y=6916_w=8818_h=5874/patch_68.jpg,zhongshaneryuan
2374,4x,FFPE-N(6),FFPE-N(6)-node-0,ffpe_normal,multi_centers/patch_use/zhongshaneryuan_patches/ffpe/negative-4X/FFPE-N(6)/node-0/x=2684_y=6916_w=8818_h=5874/patch_54.jpg,zhongshaneryuan
2375,4x,FFPE-N(6),FFPE-N(6)-node-0,ffpe_normal,multi_centers/patch_use/zhongshaneryuan_patches/ffpe/negative-4X/FFPE-N(6)/node-0/x=2684_y=6916_w=8818_h=5874/patch_43.jpg,zhongshaneryuan
2376,4x,FFPE-N(6),FFPE-N(6)-node-0,ffpe_normal,multi_centers/patch_use/zhongshaneryuan_patches/ffpe/negative-4X/FFPE-N(6)/node-0/x=2684_y=6916_w=8818_h=5874/patch_24.jpg,zhongshaneryuan
2377,4x,FFPE-N(6),FFPE-N(6)-node-0,ffpe_normal,multi_centers/patch_use/zhongshaneryuan_patches/ffpe/negative-4X/FFPE-N(6)/node-0/x=2684_y=6916_w=8818_h=5874/patch_39.jpg,zhongshaneryuan
2378,4x,FFPE-N(6),FFPE-N(6)-node-0,ffpe_normal,multi_centers/patch_use/zhongshaneryuan_patches/ffpe/negative-4X/FFPE-N(6)/node-0/x=2684_y=6916_w=8818_h=5874/patch_19.jpg,zhongshaneryuan
2379,4x,FFPE-N(6),FFPE-N(6)-node-0,ffpe_normal,multi_centers/patch_use/zhongshaneryuan_patches/ffpe/negative-4X/FFPE-N(6)/node-0/x=2684_y=6916_w=8818_h=5874/patch_63.jpg,zhongshaneryuan
2380,4x,FFPE-N(6),FFPE-N(6)-node-0,ffpe_normal,multi_centers/patch_use/zhongshaneryuan_patches/ffpe/negative-4X/FFPE-N(6)/node-0/x=2684_y=6916_w=8818_h=5874/patch_35.jpg,zhongshaneryuan
2381,4x,FFPE-N(6),FFPE-N(6)-node-0,ffpe_normal,multi_centers/patch_use/zhongshaneryuan_patches/ffpe/negative-4X/FFPE-N(6)/node-0/x=2684_y=6916_w=8818_h=5874/patch_4.jpg,zhongshaneryuan
2382,4x,FFPE-N(6),FFPE-N(6)-node-0,ffpe_normal,multi_centers/patch_use/zhongshaneryuan_patches/ffpe/negative-4X/FFPE-N(6)/node-0/x=2684_y=6916_w=8818_h=5874/patch_56.jpg,zhongshaneryuan
2383,4x,FFPE-N(6),FFPE-N(6)-node-0,ffpe_normal,multi_centers/patch_use/zhongshaneryuan_patches/ffpe/negative-4X/FFPE-N(6)/node-0/x=2684_y=6916_w=8818_h=5874/patch_60.jpg,zhongshaneryuan
2384,4x,FFPE-N(6),FFPE-N(6)-node-0,ffpe_normal,multi_centers/patch_use/zhongshaneryuan_patches/ffpe/negative-4X/FFPE-N(6)/node-0/x=2684_y=6916_w=8818_h=5874/patch_27.jpg,zhongshaneryuan
2385,4x,FFPE-N(6),FFPE-N(6)-node-0,ffpe_normal,multi_centers/patch_use/zhongshaneryuan_patches/ffpe/negative-4X/FFPE-N(6)/node-0/x=2684_y=6916_w=8818_h=5874/patch_41.jpg,zhongshaneryuan
2386,4x,FFPE-N(6),FFPE-N(6)-node-0,ffpe_normal,multi_centers/patch_use/zhongshaneryuan_patches/ffpe/negative-4X/FFPE-N(6)/node-0/x=2684_y=6916_w=8818_h=5874/patch_67.jpg,zhongshaneryuan
2387,4x,FFPE-N(6),FFPE-N(6)-node-0,ffpe_normal,multi_centers/patch_use/zhongshaneryuan_patches/ffpe/negative-4X/FFPE-N(6)/node-0/x=2684_y=6916_w=8818_h=5874/patch_34.jpg,zhongshaneryuan
2388,4x,FFPE-N(6),FFPE-N(6)-node-0,ffpe_normal,multi_centers/patch_use/zhongshaneryuan_patches/ffpe/negative-4X/FFPE-N(6)/node-0/x=2684_y=6916_w=8818_h=5874/patch_57.jpg,zhongshaneryuan
2389,4x,FFPE-N(6),FFPE-N(6)-node-0,ffpe_normal,multi_centers/patch_use/zhongshaneryuan_patches/ffpe/negative-4X/FFPE-N(6)/node-0/x=2684_y=6916_w=8818_h=5874/patch_14.jpg,zhongshaneryuan
2390,4x,FFPE-N(6),FFPE-N(6)-node-0,ffpe_normal,multi_centers/patch_use/zhongshaneryuan_patches/ffpe/negative-4X/FFPE-N(6)/node-0/x=2684_y=6916_w=8818_h=5874/patch_53.jpg,zhongshaneryuan
