ID,Center,Resolution,WSI,Node,Class,Image_path,Label
1066,nandafuyi,4x,1-X200142-4X,1-X200142-4X,ffpe_micro,jingxia_patches_use/nandafuyi/ffpe-micro/4x/1-X200142-4X/patch_28.jpg,1
1067,nandafuyi,4x,1-X200142-4X,1-X200142-4X,ffpe_micro,jingxia_patches_use/nandafuyi/ffpe-micro/4x/1-X200142-4X/patch_11.jpg,1
1068,nandafuyi,4x,1-X200142-4X,1-X200142-4X,ffpe_micro,jingxia_patches_use/nandafuyi/ffpe-micro/4x/1-X200142-4X/patch_3.jpg,1
1069,nandafuyi,4x,1-X200142-4X,1-X200142-4X,ffpe_micro,jingxia_patches_use/nandafuyi/ffpe-micro/4x/1-X200142-4X/patch_25.jpg,1
1070,nandafuyi,4x,1-X200142-4X,1-X200142-4X,ffpe_micro,jingxia_patches_use/nandafuyi/ffpe-micro/4x/1-X200142-4X/patch_34.jpg,1
1071,nandafuyi,4x,1-X200142-4X,1-X200142-4X,ffpe_micro,jingxia_patches_use/nandafuyi/ffpe-micro/4x/1-X200142-4X/patch_18.jpg,1
1072,nandafuyi,4x,1-X200142-4X,1-X200142-4X,ffpe_micro,jingxia_patches_use/nandafuyi/ffpe-micro/4x/1-X200142-4X/patch_42.jpg,1
1073,nandafuyi,4x,1-X200142-4X,1-X200142-4X,ffpe_micro,jingxia_patches_use/nandafuyi/ffpe-micro/4x/1-X200142-4X/patch_27.jpg,1
1074,nandafuyi,4x,1-X200142-4X,1-X200142-4X,ffpe_micro,jingxia_patches_use/nandafuyi/ffpe-micro/4x/1-X200142-4X/patch_35.jpg,1
1075,nandafuyi,4x,1-X200142-4X,1-X200142-4X,ffpe_micro,jingxia_patches_use/nandafuyi/ffpe-micro/4x/1-X200142-4X/patch_19.jpg,1
1076,nandafuyi,4x,9-X140230-4X,9-X140230-4X,ffpe_micro,jingxia_patches_use/nandafuyi/ffpe-micro/4x/9-X140230-4X/patch_28.jpg,1
1077,nandafuyi,4x,9-X140230-4X,9-X140230-4X,ffpe_micro,jingxia_patches_use/nandafuyi/ffpe-micro/4x/9-X140230-4X/patch_19.jpg,1
1078,nandafuyi,4x,6-X155926-4X,6-X155926-4X,ffpe_micro,jingxia_patches_use/nandafuyi/ffpe-micro/4x/6-X155926-4X/patch_26.jpg,1
1079,nandafuyi,4x,6-X155926-4X,6-X155926-4X,ffpe_micro,jingxia_patches_use/nandafuyi/ffpe-micro/4x/6-X155926-4X/patch_28.jpg,1
1080,nandafuyi,4x,6-X155926-4X,6-X155926-4X,ffpe_micro,jingxia_patches_use/nandafuyi/ffpe-micro/4x/6-X155926-4X/patch_36.jpg,1
1081,nandafuyi,4x,6-X155926-4X,6-X155926-4X,ffpe_micro,jingxia_patches_use/nandafuyi/ffpe-micro/4x/6-X155926-4X/patch_25.jpg,1
1082,nandafuyi,4x,6-X155926-4X,6-X155926-4X,ffpe_micro,jingxia_patches_use/nandafuyi/ffpe-micro/4x/6-X155926-4X/patch_18.jpg,1
1083,nandafuyi,4x,6-X155926-4X,6-X155926-4X,ffpe_micro,jingxia_patches_use/nandafuyi/ffpe-micro/4x/6-X155926-4X/patch_29.jpg,1
1084,nandafuyi,4x,6-X155926-4X,6-X155926-4X,ffpe_micro,jingxia_patches_use/nandafuyi/ffpe-micro/4x/6-X155926-4X/patch_27.jpg,1
1085,nandafuyi,4x,6-X155926-4X,6-X155926-4X,ffpe_micro,jingxia_patches_use/nandafuyi/ffpe-micro/4x/6-X155926-4X/patch_20.jpg,1
1086,nandafuyi,4x,6-X155926-4X,6-X155926-4X,ffpe_micro,jingxia_patches_use/nandafuyi/ffpe-micro/4x/6-X155926-4X/patch_35.jpg,1
1087,nandafuyi,4x,6-X155926-4X,6-X155926-4X,ffpe_micro,jingxia_patches_use/nandafuyi/ffpe-micro/4x/6-X155926-4X/patch_37.jpg,1
1088,nandafuyi,4x,6-X155926-4X,6-X155926-4X,ffpe_micro,jingxia_patches_use/nandafuyi/ffpe-micro/4x/6-X155926-4X/patch_19.jpg,1
1089,nandafuyi,4x,8-X148792-4X,8-X148792-4X,ffpe_micro,jingxia_patches_use/nandafuyi/ffpe-micro/4x/8-X148792-4X/patch_12.jpg,1
1090,nandafuyi,4x,8-X148792-4X,8-X148792-4X,ffpe_micro,jingxia_patches_use/nandafuyi/ffpe-micro/4x/8-X148792-4X/patch_20.jpg,1
1091,nandafuyi,4x,4-X196972-4X,4-X196972-4X,ffpe_micro,jingxia_patches_use/nandafuyi/ffpe-micro/4x/4-X196972-4X/patch_28.jpg,1
1092,nandafuyi,4x,10-X125877-4X,10-X125877-4X,ffpe_micro,jingxia_patches_use/nandafuyi/ffpe-micro/4x/10-X125877-4X/patch_27.jpg,1
1093,nandafuyi,4x,10-X125877-4X,10-X125877-4X,ffpe_micro,jingxia_patches_use/nandafuyi/ffpe-micro/4x/10-X125877-4X/patch_20.jpg,1
1094,nandafuyi,4x,2-X088468-4X,2-X088468-4X,ffpe_micro,jingxia_patches_use/nandafuyi/ffpe-micro/4x/2-X088468-4X/patch_19.jpg,1
1095,nandafuyi,4x,7-X155926-4X,7-X155926-4X,ffpe_micro,jingxia_patches_use/nandafuyi/ffpe-micro/4x/7-X155926-4X/patch_28.jpg,1
1096,nandafuyi,4x,7-X155926-4X,7-X155926-4X,ffpe_micro,jingxia_patches_use/nandafuyi/ffpe-micro/4x/7-X155926-4X/patch_27.jpg,1
1097,nandafuyi,4x,5-X132727-4X,5-X132727-4X,ffpe_micro,jingxia_patches_use/nandafuyi/ffpe-micro/4x/5-X132727-4X/patch_35.jpg,1
1098,nandafuyi,4x,3-X194337-4X,3-X194337-4X,ffpe_micro,jingxia_patches_use/nandafuyi/ffpe-micro/4x/3-X194337-4X/patch_28.jpg,1
1099,nandafuyi,4x,3-X194337-4X,3-X194337-4X,ffpe_micro,jingxia_patches_use/nandafuyi/ffpe-micro/4x/3-X194337-4X/patch_36.jpg,1
1100,nandafuyi,4x,3-X194337-4X,3-X194337-4X,ffpe_micro,jingxia_patches_use/nandafuyi/ffpe-micro/4x/3-X194337-4X/patch_19.jpg,1
2497,zhongshaneryuan,4x,FFPE-PPHO-6-4X,FFPE-PPHO-6-4X,ffpe_micro,jingxia_patches_use/zhongshaneryuan/ffpe-micro/4x/FFPE-PPHO-6-4X/patch_6.jpg,1
2498,zhongshaneryuan,4x,FFPE-PPHO-7-4X,FFPE-PPHO-7-4X,ffpe_micro,jingxia_patches_use/zhongshaneryuan/ffpe-micro/4x/FFPE-PPHO-7-4X/patch_4.jpg,1
2499,zhongshaneryuan,4x,FFPE-PPHO-5-4X,FFPE-PPHO-5-4X,ffpe_micro,jingxia_patches_use/zhongshaneryuan/ffpe-micro/4x/FFPE-PPHO-5-4X/patch_7.jpg,1
2500,zhongshaneryuan,4x,FFPE-PPHO-5-4X,FFPE-PPHO-5-4X,ffpe_micro,jingxia_patches_use/zhongshaneryuan/ffpe-micro/4x/FFPE-PPHO-5-4X/patch_8.jpg,1
2501,zhongshaneryuan,4x,FFPE-PPHO-5-4X,FFPE-PPHO-5-4X,ffpe_micro,jingxia_patches_use/zhongshaneryuan/ffpe-micro/4x/FFPE-PPHO-5-4X/patch_11.jpg,1
2502,zhongshaneryuan,4x,FFPE-PPHO-5-4X,FFPE-PPHO-5-4X,ffpe_micro,jingxia_patches_use/zhongshaneryuan/ffpe-micro/4x/FFPE-PPHO-5-4X/patch_4.jpg,1
2503,zhongshaneryuan,4x,FFPE-PPHO-3-4X,FFPE-PPHO-3-4X,ffpe_micro,jingxia_patches_use/zhongshaneryuan/ffpe-micro/4x/FFPE-PPHO-3-4X/patch_5.jpg,1
2504,zhongshaneryuan,4x,FFPE-PPHO-9-4X,FFPE-PPHO-9-4X,ffpe_micro,jingxia_patches_use/zhongshaneryuan/ffpe-micro/4x/FFPE-PPHO-9-4X/patch_8.jpg,1
2505,zhongshaneryuan,4x,FFPE-PPHO-9-4X,FFPE-PPHO-9-4X,ffpe_micro,jingxia_patches_use/zhongshaneryuan/ffpe-micro/4x/FFPE-PPHO-9-4X/patch_13.jpg,1
2506,zhongshaneryuan,4x,FFPE-PPHO-4-4X,FFPE-PPHO-4-4X,ffpe_micro,jingxia_patches_use/zhongshaneryuan/ffpe-micro/4x/FFPE-PPHO-4-4X/patch_4.jpg,1
2507,zhongshaneryuan,4x,FFPE-PPHO-8-4X,FFPE-PPHO-8-4X,ffpe_micro,jingxia_patches_use/zhongshaneryuan/ffpe-micro/4x/FFPE-PPHO-8-4X/patch_8.jpg,1
2508,zhongshaneryuan,4x,FFPE-PPHO-8-4X,FFPE-PPHO-8-4X,ffpe_micro,jingxia_patches_use/zhongshaneryuan/ffpe-micro/4x/FFPE-PPHO-8-4X/patch_9.jpg,1
2509,zhongshaneryuan,4x,FFPE-PPHO-2-4X,FFPE-PPHO-2-4X,ffpe_micro,jingxia_patches_use/zhongshaneryuan/ffpe-micro/4x/FFPE-PPHO-2-4X/patch_14.jpg,1
2510,zhongshaneryuan,4x,FFPE-PPHO-10-4X,FFPE-PPHO-10-4X,ffpe_micro,jingxia_patches_use/zhongshaneryuan/ffpe-micro/4x/FFPE-PPHO-10-4X/patch_15.jpg,1
2511,zhongshaneryuan,4x,FFPE-PPHO-10-4X,FFPE-PPHO-10-4X,ffpe_micro,jingxia_patches_use/zhongshaneryuan/ffpe-micro/4x/FFPE-PPHO-10-4X/patch_11.jpg,1
2512,zhongshaneryuan,4x,FFPE-PPHO-10-4X,FFPE-PPHO-10-4X,ffpe_micro,jingxia_patches_use/zhongshaneryuan/ffpe-micro/4x/FFPE-PPHO-10-4X/patch_16.jpg,1
2513,zhongshaneryuan,4x,FFPE-PPHO-10-4X,FFPE-PPHO-10-4X,ffpe_micro,jingxia_patches_use/zhongshaneryuan/ffpe-micro/4x/FFPE-PPHO-10-4X/patch_10.jpg,1
2514,zhongshaneryuan,4x,FFPE-PPHO-1-4X,FFPE-PPHO-1-4X,ffpe_micro,jingxia_patches_use/zhongshaneryuan/ffpe-micro/4x/FFPE-PPHO-1-4X/patch_11.jpg,1
2515,zhongshaneryuan,4x,FFPE-PPHO-1-4X,FFPE-PPHO-1-4X,ffpe_micro,jingxia_patches_use/zhongshaneryuan/ffpe-micro/4x/FFPE-PPHO-1-4X/patch_12.jpg,1
4220,zhongshansanyuan,4x,23-08487-2-4X,23-08487-2-4X,ffpe_micro,jingxia_patches_use/zhongshansanyuan/ffpe-micro/4x/23-08487-2-4X/patch_26.jpg,1
4221,zhongshansanyuan,4x,23-08487-2-4X,23-08487-2-4X,ffpe_micro,jingxia_patches_use/zhongshansanyuan/ffpe-micro/4x/23-08487-2-4X/patch_28.jpg,1
4222,zhongshansanyuan,4x,23-08487-2-4X,23-08487-2-4X,ffpe_micro,jingxia_patches_use/zhongshansanyuan/ffpe-micro/4x/23-08487-2-4X/patch_11.jpg,1
4223,zhongshansanyuan,4x,23-08487-2-4X,23-08487-2-4X,ffpe_micro,jingxia_patches_use/zhongshansanyuan/ffpe-micro/4x/23-08487-2-4X/patch_36.jpg,1
4224,zhongshansanyuan,4x,23-08487-2-4X,23-08487-2-4X,ffpe_micro,jingxia_patches_use/zhongshansanyuan/ffpe-micro/4x/23-08487-2-4X/patch_25.jpg,1
4225,zhongshansanyuan,4x,23-08487-2-4X,23-08487-2-4X,ffpe_micro,jingxia_patches_use/zhongshansanyuan/ffpe-micro/4x/23-08487-2-4X/patch_34.jpg,1
4226,zhongshansanyuan,4x,23-08487-2-4X,23-08487-2-4X,ffpe_micro,jingxia_patches_use/zhongshansanyuan/ffpe-micro/4x/23-08487-2-4X/patch_18.jpg,1
4227,zhongshansanyuan,4x,23-08487-2-4X,23-08487-2-4X,ffpe_micro,jingxia_patches_use/zhongshansanyuan/ffpe-micro/4x/23-08487-2-4X/patch_27.jpg,1
4228,zhongshansanyuan,4x,23-08487-2-4X,23-08487-2-4X,ffpe_micro,jingxia_patches_use/zhongshansanyuan/ffpe-micro/4x/23-08487-2-4X/patch_20.jpg,1
4229,zhongshansanyuan,4x,23-08487-2-4X,23-08487-2-4X,ffpe_micro,jingxia_patches_use/zhongshansanyuan/ffpe-micro/4x/23-08487-2-4X/patch_35.jpg,1
4230,zhongshansanyuan,4x,23-08487-2-4X,23-08487-2-4X,ffpe_micro,jingxia_patches_use/zhongshansanyuan/ffpe-micro/4x/23-08487-2-4X/patch_19.jpg,1
4231,zhongshansanyuan,4x,23-08487-2-4X,23-08487-2-4X,ffpe_micro,jingxia_patches_use/zhongshansanyuan/ffpe-micro/4x/23-08487-2-4X/patch_10.jpg,1
4232,zhongshansanyuan,4x,23-08487-2-4X,23-08487-2-4X,ffpe_micro,jingxia_patches_use/zhongshansanyuan/ffpe-micro/4x/23-08487-2-4X/patch_33.jpg,1
4233,zhongshansanyuan,4x,23-08487-2-4X,23-08487-2-4X,ffpe_micro,jingxia_patches_use/zhongshansanyuan/ffpe-micro/4x/23-08487-2-4X/patch_24.jpg,1
4234,zhongshansanyuan,4x,23-08487-2-4X,23-08487-2-4X,ffpe_micro,jingxia_patches_use/zhongshansanyuan/ffpe-micro/4x/23-08487-2-4X/patch_32.jpg,1
4235,zhongshansanyuan,4x,23-08487-2-4X,23-08487-2-4X,ffpe_micro,jingxia_patches_use/zhongshansanyuan/ffpe-micro/4x/23-08487-2-4X/patch_40.jpg,1
4236,zhongshansanyuan,4x,23-08487-2-4X,23-08487-2-4X,ffpe_micro,jingxia_patches_use/zhongshansanyuan/ffpe-micro/4x/23-08487-2-4X/patch_9.jpg,1
4237,zhongshansanyuan,4x,21-31125-23-4X,21-31125-23-4X,ffpe_micro,jingxia_patches_use/zhongshansanyuan/ffpe-micro/4x/21-31125-23-4X/patch_38.jpg,1
4238,zhongshansanyuan,4x,21-31125-23-4X,21-31125-23-4X,ffpe_micro,jingxia_patches_use/zhongshansanyuan/ffpe-micro/4x/21-31125-23-4X/patch_28.jpg,1
4239,zhongshansanyuan,4x,21-31125-23-4X,21-31125-23-4X,ffpe_micro,jingxia_patches_use/zhongshansanyuan/ffpe-micro/4x/21-31125-23-4X/patch_46.jpg,1
4240,zhongshansanyuan,4x,21-31125-23-4X,21-31125-23-4X,ffpe_micro,jingxia_patches_use/zhongshansanyuan/ffpe-micro/4x/21-31125-23-4X/patch_11.jpg,1
4241,zhongshansanyuan,4x,21-31125-23-4X,21-31125-23-4X,ffpe_micro,jingxia_patches_use/zhongshansanyuan/ffpe-micro/4x/21-31125-23-4X/patch_36.jpg,1
4242,zhongshansanyuan,4x,21-31125-23-4X,21-31125-23-4X,ffpe_micro,jingxia_patches_use/zhongshansanyuan/ffpe-micro/4x/21-31125-23-4X/patch_3.jpg,1
4243,zhongshansanyuan,4x,21-31125-23-4X,21-31125-23-4X,ffpe_micro,jingxia_patches_use/zhongshansanyuan/ffpe-micro/4x/21-31125-23-4X/patch_12.jpg,1
4244,zhongshansanyuan,4x,21-31125-23-4X,21-31125-23-4X,ffpe_micro,jingxia_patches_use/zhongshansanyuan/ffpe-micro/4x/21-31125-23-4X/patch_21.jpg,1
4245,zhongshansanyuan,4x,21-31125-23-4X,21-31125-23-4X,ffpe_micro,jingxia_patches_use/zhongshansanyuan/ffpe-micro/4x/21-31125-23-4X/patch_18.jpg,1
4246,zhongshansanyuan,4x,21-31125-23-4X,21-31125-23-4X,ffpe_micro,jingxia_patches_use/zhongshansanyuan/ffpe-micro/4x/21-31125-23-4X/patch_29.jpg,1
4247,zhongshansanyuan,4x,21-31125-23-4X,21-31125-23-4X,ffpe_micro,jingxia_patches_use/zhongshansanyuan/ffpe-micro/4x/21-31125-23-4X/patch_27.jpg,1
4248,zhongshansanyuan,4x,21-31125-23-4X,21-31125-23-4X,ffpe_micro,jingxia_patches_use/zhongshansanyuan/ffpe-micro/4x/21-31125-23-4X/patch_13.jpg,1
4249,zhongshansanyuan,4x,21-31125-23-4X,21-31125-23-4X,ffpe_micro,jingxia_patches_use/zhongshansanyuan/ffpe-micro/4x/21-31125-23-4X/patch_14.jpg,1
4250,zhongshansanyuan,4x,21-31125-23-4X,21-31125-23-4X,ffpe_micro,jingxia_patches_use/zhongshansanyuan/ffpe-micro/4x/21-31125-23-4X/patch_5.jpg,1
4251,zhongshansanyuan,4x,21-31125-23-4X,21-31125-23-4X,ffpe_micro,jingxia_patches_use/zhongshansanyuan/ffpe-micro/4x/21-31125-23-4X/patch_20.jpg,1
4252,zhongshansanyuan,4x,21-31125-23-4X,21-31125-23-4X,ffpe_micro,jingxia_patches_use/zhongshansanyuan/ffpe-micro/4x/21-31125-23-4X/patch_30.jpg,1
4253,zhongshansanyuan,4x,21-31125-23-4X,21-31125-23-4X,ffpe_micro,jingxia_patches_use/zhongshansanyuan/ffpe-micro/4x/21-31125-23-4X/patch_37.jpg,1
4254,zhongshansanyuan,4x,21-31125-23-4X,21-31125-23-4X,ffpe_micro,jingxia_patches_use/zhongshansanyuan/ffpe-micro/4x/21-31125-23-4X/patch_19.jpg,1
4255,zhongshansanyuan,4x,21-31125-23-4X,21-31125-23-4X,ffpe_micro,jingxia_patches_use/zhongshansanyuan/ffpe-micro/4x/21-31125-23-4X/patch_10.jpg,1
4256,zhongshansanyuan,4x,21-31125-23-4X,21-31125-23-4X,ffpe_micro,jingxia_patches_use/zhongshansanyuan/ffpe-micro/4x/21-31125-23-4X/patch_22.jpg,1
4257,zhongshansanyuan,4x,21-31125-23-4X,21-31125-23-4X,ffpe_micro,jingxia_patches_use/zhongshansanyuan/ffpe-micro/4x/21-31125-23-4X/patch_4.jpg,1
4258,zhongshansanyuan,4x,21-31125-23-4X,21-31125-23-4X,ffpe_micro,jingxia_patches_use/zhongshansanyuan/ffpe-micro/4x/21-31125-23-4X/patch_2.jpg,1
4259,zhongshansanyuan,4x,22-12098-25-4X,22-12098-25-4X,ffpe_micro,jingxia_patches_use/zhongshansanyuan/ffpe-micro/4x/22-12098-25-4X/patch_6.jpg,1
4260,zhongshansanyuan,4x,22-12098-25-4X,22-12098-25-4X,ffpe_micro,jingxia_patches_use/zhongshansanyuan/ffpe-micro/4x/22-12098-25-4X/patch_26.jpg,1
4261,zhongshansanyuan,4x,22-12098-25-4X,22-12098-25-4X,ffpe_micro,jingxia_patches_use/zhongshansanyuan/ffpe-micro/4x/22-12098-25-4X/patch_11.jpg,1
4262,zhongshansanyuan,4x,22-12098-25-4X,22-12098-25-4X,ffpe_micro,jingxia_patches_use/zhongshansanyuan/ffpe-micro/4x/22-12098-25-4X/patch_12.jpg,1
4263,zhongshansanyuan,4x,22-12098-25-4X,22-12098-25-4X,ffpe_micro,jingxia_patches_use/zhongshansanyuan/ffpe-micro/4x/22-12098-25-4X/patch_21.jpg,1
4264,zhongshansanyuan,4x,22-12098-25-4X,22-12098-25-4X,ffpe_micro,jingxia_patches_use/zhongshansanyuan/ffpe-micro/4x/22-12098-25-4X/patch_18.jpg,1
4265,zhongshansanyuan,4x,22-12098-25-4X,22-12098-25-4X,ffpe_micro,jingxia_patches_use/zhongshansanyuan/ffpe-micro/4x/22-12098-25-4X/patch_27.jpg,1
4266,zhongshansanyuan,4x,22-12098-25-4X,22-12098-25-4X,ffpe_micro,jingxia_patches_use/zhongshansanyuan/ffpe-micro/4x/22-12098-25-4X/patch_13.jpg,1
4267,zhongshansanyuan,4x,22-12098-25-4X,22-12098-25-4X,ffpe_micro,jingxia_patches_use/zhongshansanyuan/ffpe-micro/4x/22-12098-25-4X/patch_14.jpg,1
4268,zhongshansanyuan,4x,22-12098-25-4X,22-12098-25-4X,ffpe_micro,jingxia_patches_use/zhongshansanyuan/ffpe-micro/4x/22-12098-25-4X/patch_20.jpg,1
4269,zhongshansanyuan,4x,22-12098-25-4X,22-12098-25-4X,ffpe_micro,jingxia_patches_use/zhongshansanyuan/ffpe-micro/4x/22-12098-25-4X/patch_19.jpg,1
4270,zhongshansanyuan,4x,21-31125-24-4X,21-31125-24-4X,ffpe_micro,jingxia_patches_use/zhongshansanyuan/ffpe-micro/4x/21-31125-24-4X/patch_38.jpg,1
4271,zhongshansanyuan,4x,21-31125-24-4X,21-31125-24-4X,ffpe_micro,jingxia_patches_use/zhongshansanyuan/ffpe-micro/4x/21-31125-24-4X/patch_46.jpg,1
4272,zhongshansanyuan,4x,21-31125-24-4X,21-31125-24-4X,ffpe_micro,jingxia_patches_use/zhongshansanyuan/ffpe-micro/4x/21-31125-24-4X/patch_21.jpg,1
4273,zhongshansanyuan,4x,21-31125-24-4X,21-31125-24-4X,ffpe_micro,jingxia_patches_use/zhongshansanyuan/ffpe-micro/4x/21-31125-24-4X/patch_29.jpg,1
4274,zhongshansanyuan,4x,21-31125-24-4X,21-31125-24-4X,ffpe_micro,jingxia_patches_use/zhongshansanyuan/ffpe-micro/4x/21-31125-24-4X/patch_13.jpg,1
4275,zhongshansanyuan,4x,21-31125-24-4X,21-31125-24-4X,ffpe_micro,jingxia_patches_use/zhongshansanyuan/ffpe-micro/4x/21-31125-24-4X/patch_14.jpg,1
4276,zhongshansanyuan,4x,21-31125-24-4X,21-31125-24-4X,ffpe_micro,jingxia_patches_use/zhongshansanyuan/ffpe-micro/4x/21-31125-24-4X/patch_30.jpg,1
4277,zhongshansanyuan,4x,21-31125-24-4X,21-31125-24-4X,ffpe_micro,jingxia_patches_use/zhongshansanyuan/ffpe-micro/4x/21-31125-24-4X/patch_37.jpg,1
4278,zhongshansanyuan,4x,21-31125-24-4X,21-31125-24-4X,ffpe_micro,jingxia_patches_use/zhongshansanyuan/ffpe-micro/4x/21-31125-24-4X/patch_22.jpg,1
4279,zhongshansanyuan,4x,24-00876-19-4X,24-00876-19-4X,ffpe_micro,jingxia_patches_use/zhongshansanyuan/ffpe-micro/4x/24-00876-19-4X/patch_3.jpg,1
4280,zhongshansanyuan,4x,24-00876-19-4X,24-00876-19-4X,ffpe_micro,jingxia_patches_use/zhongshansanyuan/ffpe-micro/4x/24-00876-19-4X/patch_12.jpg,1
4281,zhongshansanyuan,4x,24-00876-19-4X,24-00876-19-4X,ffpe_micro,jingxia_patches_use/zhongshansanyuan/ffpe-micro/4x/24-00876-19-4X/patch_13.jpg,1
4282,zhongshansanyuan,4x,24-00876-19-4X,24-00876-19-4X,ffpe_micro,jingxia_patches_use/zhongshansanyuan/ffpe-micro/4x/24-00876-19-4X/patch_5.jpg,1
4283,zhongshansanyuan,4x,24-00876-19-4X,24-00876-19-4X,ffpe_micro,jingxia_patches_use/zhongshansanyuan/ffpe-micro/4x/24-00876-19-4X/patch_4.jpg,1
4284,zhongshansanyuan,4x,24-00876-19-4X,24-00876-19-4X,ffpe_micro,jingxia_patches_use/zhongshansanyuan/ffpe-micro/4x/24-00876-19-4X/patch_2.jpg,1
4285,zhongshansanyuan,4x,22-11283-27-4X,22-11283-27-4X,ffpe_micro,jingxia_patches_use/zhongshansanyuan/ffpe-micro/4x/22-11283-27-4X/patch_38.jpg,1
4286,zhongshansanyuan,4x,22-11283-27-4X,22-11283-27-4X,ffpe_micro,jingxia_patches_use/zhongshansanyuan/ffpe-micro/4x/22-11283-27-4X/patch_26.jpg,1
4287,zhongshansanyuan,4x,22-11283-27-4X,22-11283-27-4X,ffpe_micro,jingxia_patches_use/zhongshansanyuan/ffpe-micro/4x/22-11283-27-4X/patch_28.jpg,1
4288,zhongshansanyuan,4x,22-11283-27-4X,22-11283-27-4X,ffpe_micro,jingxia_patches_use/zhongshansanyuan/ffpe-micro/4x/22-11283-27-4X/patch_46.jpg,1
4289,zhongshansanyuan,4x,22-11283-27-4X,22-11283-27-4X,ffpe_micro,jingxia_patches_use/zhongshansanyuan/ffpe-micro/4x/22-11283-27-4X/patch_44.jpg,1
4290,zhongshansanyuan,4x,22-11283-27-4X,22-11283-27-4X,ffpe_micro,jingxia_patches_use/zhongshansanyuan/ffpe-micro/4x/22-11283-27-4X/patch_1.jpg,1
4291,zhongshansanyuan,4x,22-11283-27-4X,22-11283-27-4X,ffpe_micro,jingxia_patches_use/zhongshansanyuan/ffpe-micro/4x/22-11283-27-4X/patch_11.jpg,1
4292,zhongshansanyuan,4x,22-11283-27-4X,22-11283-27-4X,ffpe_micro,jingxia_patches_use/zhongshansanyuan/ffpe-micro/4x/22-11283-27-4X/patch_36.jpg,1
4293,zhongshansanyuan,4x,22-11283-27-4X,22-11283-27-4X,ffpe_micro,jingxia_patches_use/zhongshansanyuan/ffpe-micro/4x/22-11283-27-4X/patch_3.jpg,1
4294,zhongshansanyuan,4x,22-11283-27-4X,22-11283-27-4X,ffpe_micro,jingxia_patches_use/zhongshansanyuan/ffpe-micro/4x/22-11283-27-4X/patch_12.jpg,1
4295,zhongshansanyuan,4x,22-11283-27-4X,22-11283-27-4X,ffpe_micro,jingxia_patches_use/zhongshansanyuan/ffpe-micro/4x/22-11283-27-4X/patch_17.jpg,1
4296,zhongshansanyuan,4x,22-11283-27-4X,22-11283-27-4X,ffpe_micro,jingxia_patches_use/zhongshansanyuan/ffpe-micro/4x/22-11283-27-4X/patch_25.jpg,1
4297,zhongshansanyuan,4x,22-11283-27-4X,22-11283-27-4X,ffpe_micro,jingxia_patches_use/zhongshansanyuan/ffpe-micro/4x/22-11283-27-4X/patch_45.jpg,1
4298,zhongshansanyuan,4x,22-11283-27-4X,22-11283-27-4X,ffpe_micro,jingxia_patches_use/zhongshansanyuan/ffpe-micro/4x/22-11283-27-4X/patch_34.jpg,1
4299,zhongshansanyuan,4x,22-11283-27-4X,22-11283-27-4X,ffpe_micro,jingxia_patches_use/zhongshansanyuan/ffpe-micro/4x/22-11283-27-4X/patch_18.jpg,1
4300,zhongshansanyuan,4x,22-11283-27-4X,22-11283-27-4X,ffpe_micro,jingxia_patches_use/zhongshansanyuan/ffpe-micro/4x/22-11283-27-4X/patch_29.jpg,1
4301,zhongshansanyuan,4x,22-11283-27-4X,22-11283-27-4X,ffpe_micro,jingxia_patches_use/zhongshansanyuan/ffpe-micro/4x/22-11283-27-4X/patch_42.jpg,1
4302,zhongshansanyuan,4x,22-11283-27-4X,22-11283-27-4X,ffpe_micro,jingxia_patches_use/zhongshansanyuan/ffpe-micro/4x/22-11283-27-4X/patch_27.jpg,1
4303,zhongshansanyuan,4x,22-11283-27-4X,22-11283-27-4X,ffpe_micro,jingxia_patches_use/zhongshansanyuan/ffpe-micro/4x/22-11283-27-4X/patch_20.jpg,1
4304,zhongshansanyuan,4x,22-11283-27-4X,22-11283-27-4X,ffpe_micro,jingxia_patches_use/zhongshansanyuan/ffpe-micro/4x/22-11283-27-4X/patch_30.jpg,1
4305,zhongshansanyuan,4x,22-11283-27-4X,22-11283-27-4X,ffpe_micro,jingxia_patches_use/zhongshansanyuan/ffpe-micro/4x/22-11283-27-4X/patch_39.jpg,1
4306,zhongshansanyuan,4x,22-11283-27-4X,22-11283-27-4X,ffpe_micro,jingxia_patches_use/zhongshansanyuan/ffpe-micro/4x/22-11283-27-4X/patch_35.jpg,1
4307,zhongshansanyuan,4x,22-11283-27-4X,22-11283-27-4X,ffpe_micro,jingxia_patches_use/zhongshansanyuan/ffpe-micro/4x/22-11283-27-4X/patch_37.jpg,1
4308,zhongshansanyuan,4x,22-11283-27-4X,22-11283-27-4X,ffpe_micro,jingxia_patches_use/zhongshansanyuan/ffpe-micro/4x/22-11283-27-4X/patch_19.jpg,1
4309,zhongshansanyuan,4x,22-11283-27-4X,22-11283-27-4X,ffpe_micro,jingxia_patches_use/zhongshansanyuan/ffpe-micro/4x/22-11283-27-4X/patch_10.jpg,1
4310,zhongshansanyuan,4x,22-11283-27-4X,22-11283-27-4X,ffpe_micro,jingxia_patches_use/zhongshansanyuan/ffpe-micro/4x/22-11283-27-4X/patch_33.jpg,1
4311,zhongshansanyuan,4x,22-11283-27-4X,22-11283-27-4X,ffpe_micro,jingxia_patches_use/zhongshansanyuan/ffpe-micro/4x/22-11283-27-4X/patch_43.jpg,1
4312,zhongshansanyuan,4x,22-11283-27-4X,22-11283-27-4X,ffpe_micro,jingxia_patches_use/zhongshansanyuan/ffpe-micro/4x/22-11283-27-4X/patch_4.jpg,1
4313,zhongshansanyuan,4x,22-11283-27-4X,22-11283-27-4X,ffpe_micro,jingxia_patches_use/zhongshansanyuan/ffpe-micro/4x/22-11283-27-4X/patch_2.jpg,1
4314,zhongshansanyuan,4x,22-11283-27-4X,22-11283-27-4X,ffpe_micro,jingxia_patches_use/zhongshansanyuan/ffpe-micro/4x/22-11283-27-4X/patch_9.jpg,1
4315,zhongshansanyuan,4x,24-01155-9-4X,24-01155-9-4X,ffpe_micro,jingxia_patches_use/zhongshansanyuan/ffpe-micro/4x/24-01155-9-4X/patch_26.jpg,1
4316,zhongshansanyuan,4x,24-01155-9-4X,24-01155-9-4X,ffpe_micro,jingxia_patches_use/zhongshansanyuan/ffpe-micro/4x/24-01155-9-4X/patch_28.jpg,1
4317,zhongshansanyuan,4x,24-01155-9-4X,24-01155-9-4X,ffpe_micro,jingxia_patches_use/zhongshansanyuan/ffpe-micro/4x/24-01155-9-4X/patch_44.jpg,1
4318,zhongshansanyuan,4x,24-01155-9-4X,24-01155-9-4X,ffpe_micro,jingxia_patches_use/zhongshansanyuan/ffpe-micro/4x/24-01155-9-4X/patch_11.jpg,1
4319,zhongshansanyuan,4x,24-01155-9-4X,24-01155-9-4X,ffpe_micro,jingxia_patches_use/zhongshansanyuan/ffpe-micro/4x/24-01155-9-4X/patch_36.jpg,1
4320,zhongshansanyuan,4x,24-01155-9-4X,24-01155-9-4X,ffpe_micro,jingxia_patches_use/zhongshansanyuan/ffpe-micro/4x/24-01155-9-4X/patch_3.jpg,1
4321,zhongshansanyuan,4x,24-01155-9-4X,24-01155-9-4X,ffpe_micro,jingxia_patches_use/zhongshansanyuan/ffpe-micro/4x/24-01155-9-4X/patch_12.jpg,1
4322,zhongshansanyuan,4x,24-01155-9-4X,24-01155-9-4X,ffpe_micro,jingxia_patches_use/zhongshansanyuan/ffpe-micro/4x/24-01155-9-4X/patch_25.jpg,1
4323,zhongshansanyuan,4x,24-01155-9-4X,24-01155-9-4X,ffpe_micro,jingxia_patches_use/zhongshansanyuan/ffpe-micro/4x/24-01155-9-4X/patch_21.jpg,1
4324,zhongshansanyuan,4x,24-01155-9-4X,24-01155-9-4X,ffpe_micro,jingxia_patches_use/zhongshansanyuan/ffpe-micro/4x/24-01155-9-4X/patch_34.jpg,1
4325,zhongshansanyuan,4x,24-01155-9-4X,24-01155-9-4X,ffpe_micro,jingxia_patches_use/zhongshansanyuan/ffpe-micro/4x/24-01155-9-4X/patch_18.jpg,1
4326,zhongshansanyuan,4x,24-01155-9-4X,24-01155-9-4X,ffpe_micro,jingxia_patches_use/zhongshansanyuan/ffpe-micro/4x/24-01155-9-4X/patch_29.jpg,1
4327,zhongshansanyuan,4x,24-01155-9-4X,24-01155-9-4X,ffpe_micro,jingxia_patches_use/zhongshansanyuan/ffpe-micro/4x/24-01155-9-4X/patch_42.jpg,1
4328,zhongshansanyuan,4x,24-01155-9-4X,24-01155-9-4X,ffpe_micro,jingxia_patches_use/zhongshansanyuan/ffpe-micro/4x/24-01155-9-4X/patch_27.jpg,1
4329,zhongshansanyuan,4x,24-01155-9-4X,24-01155-9-4X,ffpe_micro,jingxia_patches_use/zhongshansanyuan/ffpe-micro/4x/24-01155-9-4X/patch_13.jpg,1
4330,zhongshansanyuan,4x,24-01155-9-4X,24-01155-9-4X,ffpe_micro,jingxia_patches_use/zhongshansanyuan/ffpe-micro/4x/24-01155-9-4X/patch_20.jpg,1
4331,zhongshansanyuan,4x,24-01155-9-4X,24-01155-9-4X,ffpe_micro,jingxia_patches_use/zhongshansanyuan/ffpe-micro/4x/24-01155-9-4X/patch_35.jpg,1
4332,zhongshansanyuan,4x,24-01155-9-4X,24-01155-9-4X,ffpe_micro,jingxia_patches_use/zhongshansanyuan/ffpe-micro/4x/24-01155-9-4X/patch_19.jpg,1
4333,zhongshansanyuan,4x,24-01155-9-4X,24-01155-9-4X,ffpe_micro,jingxia_patches_use/zhongshansanyuan/ffpe-micro/4x/24-01155-9-4X/patch_22.jpg,1
4334,zhongshansanyuan,4x,24-01155-9-4X,24-01155-9-4X,ffpe_micro,jingxia_patches_use/zhongshansanyuan/ffpe-micro/4x/24-01155-9-4X/patch_43.jpg,1
4335,zhongshansanyuan,4x,24-01155-9-4X,24-01155-9-4X,ffpe_micro,jingxia_patches_use/zhongshansanyuan/ffpe-micro/4x/24-01155-9-4X/patch_4.jpg,1
4336,zhongshansanyuan,4x,22-12098-34-4X,22-12098-34-4X,ffpe_micro,jingxia_patches_use/zhongshansanyuan/ffpe-micro/4x/22-12098-34-4X/patch_27.jpg,1
4337,zhongshansanyuan,4x,22-12098-34-4X,22-12098-34-4X,ffpe_micro,jingxia_patches_use/zhongshansanyuan/ffpe-micro/4x/22-12098-34-4X/patch_19.jpg,1
4338,zhongshansanyuan,4x,22-12098-37-4X,22-12098-37-4X,ffpe_micro,jingxia_patches_use/zhongshansanyuan/ffpe-micro/4x/22-12098-37-4X/patch_26.jpg,1
4339,zhongshansanyuan,4x,22-12098-37-4X,22-12098-37-4X,ffpe_micro,jingxia_patches_use/zhongshansanyuan/ffpe-micro/4x/22-12098-37-4X/patch_28.jpg,1
4340,zhongshansanyuan,4x,22-12098-37-4X,22-12098-37-4X,ffpe_micro,jingxia_patches_use/zhongshansanyuan/ffpe-micro/4x/22-12098-37-4X/patch_11.jpg,1
4341,zhongshansanyuan,4x,22-12098-37-4X,22-12098-37-4X,ffpe_micro,jingxia_patches_use/zhongshansanyuan/ffpe-micro/4x/22-12098-37-4X/patch_12.jpg,1
4342,zhongshansanyuan,4x,22-12098-37-4X,22-12098-37-4X,ffpe_micro,jingxia_patches_use/zhongshansanyuan/ffpe-micro/4x/22-12098-37-4X/patch_21.jpg,1
4343,zhongshansanyuan,4x,22-12098-37-4X,22-12098-37-4X,ffpe_micro,jingxia_patches_use/zhongshansanyuan/ffpe-micro/4x/22-12098-37-4X/patch_18.jpg,1
4344,zhongshansanyuan,4x,22-12098-37-4X,22-12098-37-4X,ffpe_micro,jingxia_patches_use/zhongshansanyuan/ffpe-micro/4x/22-12098-37-4X/patch_29.jpg,1
4345,zhongshansanyuan,4x,22-12098-37-4X,22-12098-37-4X,ffpe_micro,jingxia_patches_use/zhongshansanyuan/ffpe-micro/4x/22-12098-37-4X/patch_13.jpg,1
4346,zhongshansanyuan,4x,22-12098-37-4X,22-12098-37-4X,ffpe_micro,jingxia_patches_use/zhongshansanyuan/ffpe-micro/4x/22-12098-37-4X/patch_20.jpg,1
4347,zhongshansanyuan,4x,22-12098-37-4X,22-12098-37-4X,ffpe_micro,jingxia_patches_use/zhongshansanyuan/ffpe-micro/4x/22-12098-37-4X/patch_19.jpg,1
4348,zhongshansanyuan,4x,22-12098-37-4X,22-12098-37-4X,ffpe_micro,jingxia_patches_use/zhongshansanyuan/ffpe-micro/4x/22-12098-37-4X/patch_22.jpg,1
4349,zhongshansanyuan,4x,22-03444-16-4X,22-03444-16-4X,ffpe_micro,jingxia_patches_use/zhongshansanyuan/ffpe-micro/4x/22-03444-16-4X/patch_26.jpg,1
4350,zhongshansanyuan,4x,22-03444-16-4X,22-03444-16-4X,ffpe_micro,jingxia_patches_use/zhongshansanyuan/ffpe-micro/4x/22-03444-16-4X/patch_28.jpg,1
4351,zhongshansanyuan,4x,22-03444-16-4X,22-03444-16-4X,ffpe_micro,jingxia_patches_use/zhongshansanyuan/ffpe-micro/4x/22-03444-16-4X/patch_1.jpg,1
4352,zhongshansanyuan,4x,22-03444-16-4X,22-03444-16-4X,ffpe_micro,jingxia_patches_use/zhongshansanyuan/ffpe-micro/4x/22-03444-16-4X/patch_17.jpg,1
4353,zhongshansanyuan,4x,22-03444-16-4X,22-03444-16-4X,ffpe_micro,jingxia_patches_use/zhongshansanyuan/ffpe-micro/4x/22-03444-16-4X/patch_25.jpg,1
4354,zhongshansanyuan,4x,22-03444-16-4X,22-03444-16-4X,ffpe_micro,jingxia_patches_use/zhongshansanyuan/ffpe-micro/4x/22-03444-16-4X/patch_34.jpg,1
4355,zhongshansanyuan,4x,22-03444-16-4X,22-03444-16-4X,ffpe_micro,jingxia_patches_use/zhongshansanyuan/ffpe-micro/4x/22-03444-16-4X/patch_18.jpg,1
4356,zhongshansanyuan,4x,22-03444-16-4X,22-03444-16-4X,ffpe_micro,jingxia_patches_use/zhongshansanyuan/ffpe-micro/4x/22-03444-16-4X/patch_42.jpg,1
4357,zhongshansanyuan,4x,22-03444-16-4X,22-03444-16-4X,ffpe_micro,jingxia_patches_use/zhongshansanyuan/ffpe-micro/4x/22-03444-16-4X/patch_27.jpg,1
4358,zhongshansanyuan,4x,22-03444-16-4X,22-03444-16-4X,ffpe_micro,jingxia_patches_use/zhongshansanyuan/ffpe-micro/4x/22-03444-16-4X/patch_35.jpg,1
4359,zhongshansanyuan,4x,22-03444-16-4X,22-03444-16-4X,ffpe_micro,jingxia_patches_use/zhongshansanyuan/ffpe-micro/4x/22-03444-16-4X/patch_19.jpg,1
4360,zhongshansanyuan,4x,22-03444-16-4X,22-03444-16-4X,ffpe_micro,jingxia_patches_use/zhongshansanyuan/ffpe-micro/4x/22-03444-16-4X/patch_10.jpg,1
4361,zhongshansanyuan,4x,22-03444-16-4X,22-03444-16-4X,ffpe_micro,jingxia_patches_use/zhongshansanyuan/ffpe-micro/4x/22-03444-16-4X/patch_43.jpg,1
4362,zhongshansanyuan,4x,22-03444-16-4X,22-03444-16-4X,ffpe_micro,jingxia_patches_use/zhongshansanyuan/ffpe-micro/4x/22-03444-16-4X/patch_9.jpg,1
1184,nandafuyi,4x,7-1256982-4X,7-1256982-4X,ffpe_normal,jingxia_patches_use/nandafuyi/ffpe-negative/4x/7-1256982-4X/patch_11.jpg,0
1186,nandafuyi,4x,7-1256982-4X,7-1256982-4X,ffpe_normal,jingxia_patches_use/nandafuyi/ffpe-negative/4x/7-1256982-4X/patch_3.jpg,0
1187,nandafuyi,4x,7-1256982-4X,7-1256982-4X,ffpe_normal,jingxia_patches_use/nandafuyi/ffpe-negative/4x/7-1256982-4X/patch_12.jpg,0
1188,nandafuyi,4x,7-1256982-4X,7-1256982-4X,ffpe_normal,jingxia_patches_use/nandafuyi/ffpe-negative/4x/7-1256982-4X/patch_21.jpg,0
1192,nandafuyi,4x,7-1256982-4X,7-1256982-4X,ffpe_normal,jingxia_patches_use/nandafuyi/ffpe-negative/4x/7-1256982-4X/patch_29.jpg,0
1194,nandafuyi,4x,7-1256982-4X,7-1256982-4X,ffpe_normal,jingxia_patches_use/nandafuyi/ffpe-negative/4x/7-1256982-4X/patch_27.jpg,0
1195,nandafuyi,4x,7-1256982-4X,7-1256982-4X,ffpe_normal,jingxia_patches_use/nandafuyi/ffpe-negative/4x/7-1256982-4X/patch_13.jpg,0
1198,nandafuyi,4x,7-1256982-4X,7-1256982-4X,ffpe_normal,jingxia_patches_use/nandafuyi/ffpe-negative/4x/7-1256982-4X/patch_5.jpg,0
1199,nandafuyi,4x,7-1256982-4X,7-1256982-4X,ffpe_normal,jingxia_patches_use/nandafuyi/ffpe-negative/4x/7-1256982-4X/patch_20.jpg,0
1204,nandafuyi,4x,7-1256982-4X,7-1256982-4X,ffpe_normal,jingxia_patches_use/nandafuyi/ffpe-negative/4x/7-1256982-4X/patch_19.jpg,0
1205,nandafuyi,4x,7-1256982-4X,7-1256982-4X,ffpe_normal,jingxia_patches_use/nandafuyi/ffpe-negative/4x/7-1256982-4X/patch_10.jpg,0
1208,nandafuyi,4x,7-1256982-4X,7-1256982-4X,ffpe_normal,jingxia_patches_use/nandafuyi/ffpe-negative/4x/7-1256982-4X/patch_43.jpg,0
1212,nandafuyi,4x,7-1256982-4X,7-1256982-4X,ffpe_normal,jingxia_patches_use/nandafuyi/ffpe-negative/4x/7-1256982-4X/patch_2.jpg,0
1217,nandafuyi,4x,1-1015837-4X,1-1015837-4X,ffpe_normal,jingxia_patches_use/nandafuyi/ffpe-negative/4x/1-1015837-4X/patch_7.jpg,0
1218,nandafuyi,4x,1-1015837-4X,1-1015837-4X,ffpe_normal,jingxia_patches_use/nandafuyi/ffpe-negative/4x/1-1015837-4X/patch_6.jpg,0
1222,nandafuyi,4x,1-1015837-4X,1-1015837-4X,ffpe_normal,jingxia_patches_use/nandafuyi/ffpe-negative/4x/1-1015837-4X/patch_11.jpg,0
1225,nandafuyi,4x,1-1015837-4X,1-1015837-4X,ffpe_normal,jingxia_patches_use/nandafuyi/ffpe-negative/4x/1-1015837-4X/patch_12.jpg,0
1226,nandafuyi,4x,1-1015837-4X,1-1015837-4X,ffpe_normal,jingxia_patches_use/nandafuyi/ffpe-negative/4x/1-1015837-4X/patch_17.jpg,0
1227,nandafuyi,4x,1-1015837-4X,1-1015837-4X,ffpe_normal,jingxia_patches_use/nandafuyi/ffpe-negative/4x/1-1015837-4X/patch_25.jpg,0
1229,nandafuyi,4x,1-1015837-4X,1-1015837-4X,ffpe_normal,jingxia_patches_use/nandafuyi/ffpe-negative/4x/1-1015837-4X/patch_16.jpg,0
1236,nandafuyi,4x,1-1015837-4X,1-1015837-4X,ffpe_normal,jingxia_patches_use/nandafuyi/ffpe-negative/4x/1-1015837-4X/patch_23.jpg,0
1238,nandafuyi,4x,1-1015837-4X,1-1015837-4X,ffpe_normal,jingxia_patches_use/nandafuyi/ffpe-negative/4x/1-1015837-4X/patch_5.jpg,0
1239,nandafuyi,4x,1-1015837-4X,1-1015837-4X,ffpe_normal,jingxia_patches_use/nandafuyi/ffpe-negative/4x/1-1015837-4X/patch_20.jpg,0
1241,nandafuyi,4x,1-1015837-4X,1-1015837-4X,ffpe_normal,jingxia_patches_use/nandafuyi/ffpe-negative/4x/1-1015837-4X/patch_39.jpg,0
1242,nandafuyi,4x,1-1015837-4X,1-1015837-4X,ffpe_normal,jingxia_patches_use/nandafuyi/ffpe-negative/4x/1-1015837-4X/patch_35.jpg,0
1244,nandafuyi,4x,1-1015837-4X,1-1015837-4X,ffpe_normal,jingxia_patches_use/nandafuyi/ffpe-negative/4x/1-1015837-4X/patch_19.jpg,0
1252,nandafuyi,4x,1-1015837-4X,1-1015837-4X,ffpe_normal,jingxia_patches_use/nandafuyi/ffpe-negative/4x/1-1015837-4X/patch_4.jpg,0
1256,nandafuyi,4x,8-1256982-4X,8-1256982-4X,ffpe_normal,jingxia_patches_use/nandafuyi/ffpe-negative/4x/8-1256982-4X/patch_38.jpg,0
1258,nandafuyi,4x,8-1256982-4X,8-1256982-4X,ffpe_normal,jingxia_patches_use/nandafuyi/ffpe-negative/4x/8-1256982-4X/patch_47.jpg,0
1262,nandafuyi,4x,8-1256982-4X,8-1256982-4X,ffpe_normal,jingxia_patches_use/nandafuyi/ffpe-negative/4x/8-1256982-4X/patch_46.jpg,0
1266,nandafuyi,4x,8-1256982-4X,8-1256982-4X,ffpe_normal,jingxia_patches_use/nandafuyi/ffpe-negative/4x/8-1256982-4X/patch_36.jpg,0
1267,nandafuyi,4x,8-1256982-4X,8-1256982-4X,ffpe_normal,jingxia_patches_use/nandafuyi/ffpe-negative/4x/8-1256982-4X/patch_3.jpg,0
1269,nandafuyi,4x,8-1256982-4X,8-1256982-4X,ffpe_normal,jingxia_patches_use/nandafuyi/ffpe-negative/4x/8-1256982-4X/patch_17.jpg,0
1271,nandafuyi,4x,8-1256982-4X,8-1256982-4X,ffpe_normal,jingxia_patches_use/nandafuyi/ffpe-negative/4x/8-1256982-4X/patch_21.jpg,0
1275,nandafuyi,4x,8-1256982-4X,8-1256982-4X,ffpe_normal,jingxia_patches_use/nandafuyi/ffpe-negative/4x/8-1256982-4X/patch_18.jpg,0
1276,nandafuyi,4x,8-1256982-4X,8-1256982-4X,ffpe_normal,jingxia_patches_use/nandafuyi/ffpe-negative/4x/8-1256982-4X/patch_29.jpg,0
1277,nandafuyi,4x,8-1256982-4X,8-1256982-4X,ffpe_normal,jingxia_patches_use/nandafuyi/ffpe-negative/4x/8-1256982-4X/patch_27.jpg,0
1283,nandafuyi,4x,8-1256982-4X,8-1256982-4X,ffpe_normal,jingxia_patches_use/nandafuyi/ffpe-negative/4x/8-1256982-4X/patch_30.jpg,0
1286,nandafuyi,4x,8-1256982-4X,8-1256982-4X,ffpe_normal,jingxia_patches_use/nandafuyi/ffpe-negative/4x/8-1256982-4X/patch_37.jpg,0
1287,nandafuyi,4x,8-1256982-4X,8-1256982-4X,ffpe_normal,jingxia_patches_use/nandafuyi/ffpe-negative/4x/8-1256982-4X/patch_19.jpg,0
1290,nandafuyi,4x,8-1256982-4X,8-1256982-4X,ffpe_normal,jingxia_patches_use/nandafuyi/ffpe-negative/4x/8-1256982-4X/patch_33.jpg,0
1295,nandafuyi,4x,8-1256982-4X,8-1256982-4X,ffpe_normal,jingxia_patches_use/nandafuyi/ffpe-negative/4x/8-1256982-4X/patch_9.jpg,0
1319,nandafuyi,4x,6-X035157-4X,6-X035157-4X,ffpe_normal,jingxia_patches_use/nandafuyi/ffpe-negative/4x/6-X035157-4X/patch_42.jpg,0
1330,nandafuyi,4x,6-X035157-4X,6-X035157-4X,ffpe_normal,jingxia_patches_use/nandafuyi/ffpe-negative/4x/6-X035157-4X/patch_19.jpg,0
1342,nandafuyi,4x,9-1332190-4X,9-1332190-4X,ffpe_normal,jingxia_patches_use/nandafuyi/ffpe-negative/4x/9-1332190-4X/patch_6.jpg,0
1344,nandafuyi,4x,9-1332190-4X,9-1332190-4X,ffpe_normal,jingxia_patches_use/nandafuyi/ffpe-negative/4x/9-1332190-4X/patch_26.jpg,0
1345,nandafuyi,4x,9-1332190-4X,9-1332190-4X,ffpe_normal,jingxia_patches_use/nandafuyi/ffpe-negative/4x/9-1332190-4X/patch_28.jpg,0
1346,nandafuyi,4x,9-1332190-4X,9-1332190-4X,ffpe_normal,jingxia_patches_use/nandafuyi/ffpe-negative/4x/9-1332190-4X/patch_44.jpg,0
1348,nandafuyi,4x,9-1332190-4X,9-1332190-4X,ffpe_normal,jingxia_patches_use/nandafuyi/ffpe-negative/4x/9-1332190-4X/patch_36.jpg,0
1349,nandafuyi,4x,9-1332190-4X,9-1332190-4X,ffpe_normal,jingxia_patches_use/nandafuyi/ffpe-negative/4x/9-1332190-4X/patch_12.jpg,0
1350,nandafuyi,4x,9-1332190-4X,9-1332190-4X,ffpe_normal,jingxia_patches_use/nandafuyi/ffpe-negative/4x/9-1332190-4X/patch_25.jpg,0
1352,nandafuyi,4x,9-1332190-4X,9-1332190-4X,ffpe_normal,jingxia_patches_use/nandafuyi/ffpe-negative/4x/9-1332190-4X/patch_45.jpg,0
1353,nandafuyi,4x,9-1332190-4X,9-1332190-4X,ffpe_normal,jingxia_patches_use/nandafuyi/ffpe-negative/4x/9-1332190-4X/patch_34.jpg,0
1354,nandafuyi,4x,9-1332190-4X,9-1332190-4X,ffpe_normal,jingxia_patches_use/nandafuyi/ffpe-negative/4x/9-1332190-4X/patch_18.jpg,0
1355,nandafuyi,4x,9-1332190-4X,9-1332190-4X,ffpe_normal,jingxia_patches_use/nandafuyi/ffpe-negative/4x/9-1332190-4X/patch_29.jpg,0
1356,nandafuyi,4x,9-1332190-4X,9-1332190-4X,ffpe_normal,jingxia_patches_use/nandafuyi/ffpe-negative/4x/9-1332190-4X/patch_42.jpg,0
1357,nandafuyi,4x,9-1332190-4X,9-1332190-4X,ffpe_normal,jingxia_patches_use/nandafuyi/ffpe-negative/4x/9-1332190-4X/patch_27.jpg,0
1359,nandafuyi,4x,9-1332190-4X,9-1332190-4X,ffpe_normal,jingxia_patches_use/nandafuyi/ffpe-negative/4x/9-1332190-4X/patch_14.jpg,0
1362,nandafuyi,4x,9-1332190-4X,9-1332190-4X,ffpe_normal,jingxia_patches_use/nandafuyi/ffpe-negative/4x/9-1332190-4X/patch_30.jpg,0
1363,nandafuyi,4x,9-1332190-4X,9-1332190-4X,ffpe_normal,jingxia_patches_use/nandafuyi/ffpe-negative/4x/9-1332190-4X/patch_35.jpg,0
1364,nandafuyi,4x,9-1332190-4X,9-1332190-4X,ffpe_normal,jingxia_patches_use/nandafuyi/ffpe-negative/4x/9-1332190-4X/patch_37.jpg,0
1365,nandafuyi,4x,9-1332190-4X,9-1332190-4X,ffpe_normal,jingxia_patches_use/nandafuyi/ffpe-negative/4x/9-1332190-4X/patch_19.jpg,0
1366,nandafuyi,4x,9-1332190-4X,9-1332190-4X,ffpe_normal,jingxia_patches_use/nandafuyi/ffpe-negative/4x/9-1332190-4X/patch_22.jpg,0
1367,nandafuyi,4x,9-1332190-4X,9-1332190-4X,ffpe_normal,jingxia_patches_use/nandafuyi/ffpe-negative/4x/9-1332190-4X/patch_33.jpg,0
1368,nandafuyi,4x,9-1332190-4X,9-1332190-4X,ffpe_normal,jingxia_patches_use/nandafuyi/ffpe-negative/4x/9-1332190-4X/patch_43.jpg,0
1370,nandafuyi,4x,10-1332190-4X,10-1332190-4X,ffpe_normal,jingxia_patches_use/nandafuyi/ffpe-negative/4x/10-1332190-4X/patch_38.jpg,0
1371,nandafuyi,4x,10-1332190-4X,10-1332190-4X,ffpe_normal,jingxia_patches_use/nandafuyi/ffpe-negative/4x/10-1332190-4X/patch_31.jpg,0
1374,nandafuyi,4x,10-1332190-4X,10-1332190-4X,ffpe_normal,jingxia_patches_use/nandafuyi/ffpe-negative/4x/10-1332190-4X/patch_28.jpg,0
1376,nandafuyi,4x,10-1332190-4X,10-1332190-4X,ffpe_normal,jingxia_patches_use/nandafuyi/ffpe-negative/4x/10-1332190-4X/patch_11.jpg,0
1379,nandafuyi,4x,10-1332190-4X,10-1332190-4X,ffpe_normal,jingxia_patches_use/nandafuyi/ffpe-negative/4x/10-1332190-4X/patch_12.jpg,0
1382,nandafuyi,4x,10-1332190-4X,10-1332190-4X,ffpe_normal,jingxia_patches_use/nandafuyi/ffpe-negative/4x/10-1332190-4X/patch_21.jpg,0
1383,nandafuyi,4x,10-1332190-4X,10-1332190-4X,ffpe_normal,jingxia_patches_use/nandafuyi/ffpe-negative/4x/10-1332190-4X/patch_16.jpg,0
1386,nandafuyi,4x,10-1332190-4X,10-1332190-4X,ffpe_normal,jingxia_patches_use/nandafuyi/ffpe-negative/4x/10-1332190-4X/patch_29.jpg,0
1389,nandafuyi,4x,10-1332190-4X,10-1332190-4X,ffpe_normal,jingxia_patches_use/nandafuyi/ffpe-negative/4x/10-1332190-4X/patch_13.jpg,0
1390,nandafuyi,4x,10-1332190-4X,10-1332190-4X,ffpe_normal,jingxia_patches_use/nandafuyi/ffpe-negative/4x/10-1332190-4X/patch_23.jpg,0
1391,nandafuyi,4x,10-1332190-4X,10-1332190-4X,ffpe_normal,jingxia_patches_use/nandafuyi/ffpe-negative/4x/10-1332190-4X/patch_14.jpg,0
1393,nandafuyi,4x,10-1332190-4X,10-1332190-4X,ffpe_normal,jingxia_patches_use/nandafuyi/ffpe-negative/4x/10-1332190-4X/patch_20.jpg,0
1395,nandafuyi,4x,10-1332190-4X,10-1332190-4X,ffpe_normal,jingxia_patches_use/nandafuyi/ffpe-negative/4x/10-1332190-4X/patch_39.jpg,0
1399,nandafuyi,4x,10-1332190-4X,10-1332190-4X,ffpe_normal,jingxia_patches_use/nandafuyi/ffpe-negative/4x/10-1332190-4X/patch_10.jpg,0
1400,nandafuyi,4x,10-1332190-4X,10-1332190-4X,ffpe_normal,jingxia_patches_use/nandafuyi/ffpe-negative/4x/10-1332190-4X/patch_22.jpg,0
1408,nandafuyi,4x,10-1332190-4X,10-1332190-4X,ffpe_normal,jingxia_patches_use/nandafuyi/ffpe-negative/4x/10-1332190-4X/patch_9.jpg,0
1410,nandafuyi,4x,5-1127526-4X,5-1127526-4X,ffpe_normal,jingxia_patches_use/nandafuyi/ffpe-negative/4x/5-1127526-4X/patch_31.jpg,0
1411,nandafuyi,4x,5-1127526-4X,5-1127526-4X,ffpe_normal,jingxia_patches_use/nandafuyi/ffpe-negative/4x/5-1127526-4X/patch_6.jpg,0
1414,nandafuyi,4x,5-1127526-4X,5-1127526-4X,ffpe_normal,jingxia_patches_use/nandafuyi/ffpe-negative/4x/5-1127526-4X/patch_26.jpg,0
1415,nandafuyi,4x,5-1127526-4X,5-1127526-4X,ffpe_normal,jingxia_patches_use/nandafuyi/ffpe-negative/4x/5-1127526-4X/patch_28.jpg,0
1416,nandafuyi,4x,5-1127526-4X,5-1127526-4X,ffpe_normal,jingxia_patches_use/nandafuyi/ffpe-negative/4x/5-1127526-4X/patch_44.jpg,0
1417,nandafuyi,4x,5-1127526-4X,5-1127526-4X,ffpe_normal,jingxia_patches_use/nandafuyi/ffpe-negative/4x/5-1127526-4X/patch_1.jpg,0
1418,nandafuyi,4x,5-1127526-4X,5-1127526-4X,ffpe_normal,jingxia_patches_use/nandafuyi/ffpe-negative/4x/5-1127526-4X/patch_11.jpg,0
1419,nandafuyi,4x,5-1127526-4X,5-1127526-4X,ffpe_normal,jingxia_patches_use/nandafuyi/ffpe-negative/4x/5-1127526-4X/patch_36.jpg,0
1420,nandafuyi,4x,5-1127526-4X,5-1127526-4X,ffpe_normal,jingxia_patches_use/nandafuyi/ffpe-negative/4x/5-1127526-4X/patch_3.jpg,0
1421,nandafuyi,4x,5-1127526-4X,5-1127526-4X,ffpe_normal,jingxia_patches_use/nandafuyi/ffpe-negative/4x/5-1127526-4X/patch_12.jpg,0
1422,nandafuyi,4x,5-1127526-4X,5-1127526-4X,ffpe_normal,jingxia_patches_use/nandafuyi/ffpe-negative/4x/5-1127526-4X/patch_17.jpg,0
1424,nandafuyi,4x,5-1127526-4X,5-1127526-4X,ffpe_normal,jingxia_patches_use/nandafuyi/ffpe-negative/4x/5-1127526-4X/patch_21.jpg,0
1425,nandafuyi,4x,5-1127526-4X,5-1127526-4X,ffpe_normal,jingxia_patches_use/nandafuyi/ffpe-negative/4x/5-1127526-4X/patch_45.jpg,0
1427,nandafuyi,4x,5-1127526-4X,5-1127526-4X,ffpe_normal,jingxia_patches_use/nandafuyi/ffpe-negative/4x/5-1127526-4X/patch_34.jpg,0
1428,nandafuyi,4x,5-1127526-4X,5-1127526-4X,ffpe_normal,jingxia_patches_use/nandafuyi/ffpe-negative/4x/5-1127526-4X/patch_18.jpg,0
1429,nandafuyi,4x,5-1127526-4X,5-1127526-4X,ffpe_normal,jingxia_patches_use/nandafuyi/ffpe-negative/4x/5-1127526-4X/patch_29.jpg,0
1430,nandafuyi,4x,5-1127526-4X,5-1127526-4X,ffpe_normal,jingxia_patches_use/nandafuyi/ffpe-negative/4x/5-1127526-4X/patch_42.jpg,0
1431,nandafuyi,4x,5-1127526-4X,5-1127526-4X,ffpe_normal,jingxia_patches_use/nandafuyi/ffpe-negative/4x/5-1127526-4X/patch_27.jpg,0
1432,nandafuyi,4x,5-1127526-4X,5-1127526-4X,ffpe_normal,jingxia_patches_use/nandafuyi/ffpe-negative/4x/5-1127526-4X/patch_13.jpg,0
1433,nandafuyi,4x,5-1127526-4X,5-1127526-4X,ffpe_normal,jingxia_patches_use/nandafuyi/ffpe-negative/4x/5-1127526-4X/patch_23.jpg,0
1434,nandafuyi,4x,5-1127526-4X,5-1127526-4X,ffpe_normal,jingxia_patches_use/nandafuyi/ffpe-negative/4x/5-1127526-4X/patch_14.jpg,0
1435,nandafuyi,4x,5-1127526-4X,5-1127526-4X,ffpe_normal,jingxia_patches_use/nandafuyi/ffpe-negative/4x/5-1127526-4X/patch_5.jpg,0
1436,nandafuyi,4x,5-1127526-4X,5-1127526-4X,ffpe_normal,jingxia_patches_use/nandafuyi/ffpe-negative/4x/5-1127526-4X/patch_20.jpg,0
1437,nandafuyi,4x,5-1127526-4X,5-1127526-4X,ffpe_normal,jingxia_patches_use/nandafuyi/ffpe-negative/4x/5-1127526-4X/patch_30.jpg,0
1438,nandafuyi,4x,5-1127526-4X,5-1127526-4X,ffpe_normal,jingxia_patches_use/nandafuyi/ffpe-negative/4x/5-1127526-4X/patch_35.jpg,0
1439,nandafuyi,4x,5-1127526-4X,5-1127526-4X,ffpe_normal,jingxia_patches_use/nandafuyi/ffpe-negative/4x/5-1127526-4X/patch_37.jpg,0
1440,nandafuyi,4x,5-1127526-4X,5-1127526-4X,ffpe_normal,jingxia_patches_use/nandafuyi/ffpe-negative/4x/5-1127526-4X/patch_19.jpg,0
1441,nandafuyi,4x,5-1127526-4X,5-1127526-4X,ffpe_normal,jingxia_patches_use/nandafuyi/ffpe-negative/4x/5-1127526-4X/patch_10.jpg,0
1442,nandafuyi,4x,5-1127526-4X,5-1127526-4X,ffpe_normal,jingxia_patches_use/nandafuyi/ffpe-negative/4x/5-1127526-4X/patch_22.jpg,0
1443,nandafuyi,4x,5-1127526-4X,5-1127526-4X,ffpe_normal,jingxia_patches_use/nandafuyi/ffpe-negative/4x/5-1127526-4X/patch_33.jpg,0
1444,nandafuyi,4x,5-1127526-4X,5-1127526-4X,ffpe_normal,jingxia_patches_use/nandafuyi/ffpe-negative/4x/5-1127526-4X/patch_43.jpg,0
1445,nandafuyi,4x,5-1127526-4X,5-1127526-4X,ffpe_normal,jingxia_patches_use/nandafuyi/ffpe-negative/4x/5-1127526-4X/patch_41.jpg,0
1446,nandafuyi,4x,5-1127526-4X,5-1127526-4X,ffpe_normal,jingxia_patches_use/nandafuyi/ffpe-negative/4x/5-1127526-4X/patch_0.jpg,0
1447,nandafuyi,4x,5-1127526-4X,5-1127526-4X,ffpe_normal,jingxia_patches_use/nandafuyi/ffpe-negative/4x/5-1127526-4X/patch_4.jpg,0
1448,nandafuyi,4x,5-1127526-4X,5-1127526-4X,ffpe_normal,jingxia_patches_use/nandafuyi/ffpe-negative/4x/5-1127526-4X/patch_2.jpg,0
1449,nandafuyi,4x,5-1127526-4X,5-1127526-4X,ffpe_normal,jingxia_patches_use/nandafuyi/ffpe-negative/4x/5-1127526-4X/patch_9.jpg,0
1454,nandafuyi,4x,2-1015837-4X,2-1015837-4X,ffpe_normal,jingxia_patches_use/nandafuyi/ffpe-negative/4x/2-1015837-4X/patch_6.jpg,0
1460,nandafuyi,4x,2-1015837-4X,2-1015837-4X,ffpe_normal,jingxia_patches_use/nandafuyi/ffpe-negative/4x/2-1015837-4X/patch_11.jpg,0
1462,nandafuyi,4x,2-1015837-4X,2-1015837-4X,ffpe_normal,jingxia_patches_use/nandafuyi/ffpe-negative/4x/2-1015837-4X/patch_3.jpg,0
1469,nandafuyi,4x,2-1015837-4X,2-1015837-4X,ffpe_normal,jingxia_patches_use/nandafuyi/ffpe-negative/4x/2-1015837-4X/patch_18.jpg,0
1474,nandafuyi,4x,2-1015837-4X,2-1015837-4X,ffpe_normal,jingxia_patches_use/nandafuyi/ffpe-negative/4x/2-1015837-4X/patch_23.jpg,0
1475,nandafuyi,4x,2-1015837-4X,2-1015837-4X,ffpe_normal,jingxia_patches_use/nandafuyi/ffpe-negative/4x/2-1015837-4X/patch_14.jpg,0
1477,nandafuyi,4x,2-1015837-4X,2-1015837-4X,ffpe_normal,jingxia_patches_use/nandafuyi/ffpe-negative/4x/2-1015837-4X/patch_20.jpg,0
1484,nandafuyi,4x,2-1015837-4X,2-1015837-4X,ffpe_normal,jingxia_patches_use/nandafuyi/ffpe-negative/4x/2-1015837-4X/patch_22.jpg,0
1490,nandafuyi,4x,2-1015837-4X,2-1015837-4X,ffpe_normal,jingxia_patches_use/nandafuyi/ffpe-negative/4x/2-1015837-4X/patch_2.jpg,0
1531,nandafuyi,4x,4-1127526-4X,4-1127526-4X,ffpe_normal,jingxia_patches_use/nandafuyi/ffpe-negative/4x/4-1127526-4X/patch_38.jpg,0
1532,nandafuyi,4x,4-1127526-4X,4-1127526-4X,ffpe_normal,jingxia_patches_use/nandafuyi/ffpe-negative/4x/4-1127526-4X/patch_31.jpg,0
1533,nandafuyi,4x,4-1127526-4X,4-1127526-4X,ffpe_normal,jingxia_patches_use/nandafuyi/ffpe-negative/4x/4-1127526-4X/patch_7.jpg,0
1534,nandafuyi,4x,4-1127526-4X,4-1127526-4X,ffpe_normal,jingxia_patches_use/nandafuyi/ffpe-negative/4x/4-1127526-4X/patch_6.jpg,0
1535,nandafuyi,4x,4-1127526-4X,4-1127526-4X,ffpe_normal,jingxia_patches_use/nandafuyi/ffpe-negative/4x/4-1127526-4X/patch_15.jpg,0
1536,nandafuyi,4x,4-1127526-4X,4-1127526-4X,ffpe_normal,jingxia_patches_use/nandafuyi/ffpe-negative/4x/4-1127526-4X/patch_26.jpg,0
1538,nandafuyi,4x,4-1127526-4X,4-1127526-4X,ffpe_normal,jingxia_patches_use/nandafuyi/ffpe-negative/4x/4-1127526-4X/patch_46.jpg,0
1539,nandafuyi,4x,4-1127526-4X,4-1127526-4X,ffpe_normal,jingxia_patches_use/nandafuyi/ffpe-negative/4x/4-1127526-4X/patch_44.jpg,0
1540,nandafuyi,4x,4-1127526-4X,4-1127526-4X,ffpe_normal,jingxia_patches_use/nandafuyi/ffpe-negative/4x/4-1127526-4X/patch_11.jpg,0
1541,nandafuyi,4x,4-1127526-4X,4-1127526-4X,ffpe_normal,jingxia_patches_use/nandafuyi/ffpe-negative/4x/4-1127526-4X/patch_36.jpg,0
1542,nandafuyi,4x,4-1127526-4X,4-1127526-4X,ffpe_normal,jingxia_patches_use/nandafuyi/ffpe-negative/4x/4-1127526-4X/patch_3.jpg,0
1543,nandafuyi,4x,4-1127526-4X,4-1127526-4X,ffpe_normal,jingxia_patches_use/nandafuyi/ffpe-negative/4x/4-1127526-4X/patch_12.jpg,0
1545,nandafuyi,4x,4-1127526-4X,4-1127526-4X,ffpe_normal,jingxia_patches_use/nandafuyi/ffpe-negative/4x/4-1127526-4X/patch_25.jpg,0
1547,nandafuyi,4x,4-1127526-4X,4-1127526-4X,ffpe_normal,jingxia_patches_use/nandafuyi/ffpe-negative/4x/4-1127526-4X/patch_45.jpg,0
1548,nandafuyi,4x,4-1127526-4X,4-1127526-4X,ffpe_normal,jingxia_patches_use/nandafuyi/ffpe-negative/4x/4-1127526-4X/patch_34.jpg,0
1549,nandafuyi,4x,4-1127526-4X,4-1127526-4X,ffpe_normal,jingxia_patches_use/nandafuyi/ffpe-negative/4x/4-1127526-4X/patch_18.jpg,0
1550,nandafuyi,4x,4-1127526-4X,4-1127526-4X,ffpe_normal,jingxia_patches_use/nandafuyi/ffpe-negative/4x/4-1127526-4X/patch_29.jpg,0
1551,nandafuyi,4x,4-1127526-4X,4-1127526-4X,ffpe_normal,jingxia_patches_use/nandafuyi/ffpe-negative/4x/4-1127526-4X/patch_42.jpg,0
1552,nandafuyi,4x,4-1127526-4X,4-1127526-4X,ffpe_normal,jingxia_patches_use/nandafuyi/ffpe-negative/4x/4-1127526-4X/patch_27.jpg,0
1553,nandafuyi,4x,4-1127526-4X,4-1127526-4X,ffpe_normal,jingxia_patches_use/nandafuyi/ffpe-negative/4x/4-1127526-4X/patch_13.jpg,0
1554,nandafuyi,4x,4-1127526-4X,4-1127526-4X,ffpe_normal,jingxia_patches_use/nandafuyi/ffpe-negative/4x/4-1127526-4X/patch_23.jpg,0
1555,nandafuyi,4x,4-1127526-4X,4-1127526-4X,ffpe_normal,jingxia_patches_use/nandafuyi/ffpe-negative/4x/4-1127526-4X/patch_14.jpg,0
1556,nandafuyi,4x,4-1127526-4X,4-1127526-4X,ffpe_normal,jingxia_patches_use/nandafuyi/ffpe-negative/4x/4-1127526-4X/patch_5.jpg,0
1557,nandafuyi,4x,4-1127526-4X,4-1127526-4X,ffpe_normal,jingxia_patches_use/nandafuyi/ffpe-negative/4x/4-1127526-4X/patch_20.jpg,0
1559,nandafuyi,4x,4-1127526-4X,4-1127526-4X,ffpe_normal,jingxia_patches_use/nandafuyi/ffpe-negative/4x/4-1127526-4X/patch_35.jpg,0
1560,nandafuyi,4x,4-1127526-4X,4-1127526-4X,ffpe_normal,jingxia_patches_use/nandafuyi/ffpe-negative/4x/4-1127526-4X/patch_37.jpg,0
1561,nandafuyi,4x,4-1127526-4X,4-1127526-4X,ffpe_normal,jingxia_patches_use/nandafuyi/ffpe-negative/4x/4-1127526-4X/patch_19.jpg,0
1562,nandafuyi,4x,4-1127526-4X,4-1127526-4X,ffpe_normal,jingxia_patches_use/nandafuyi/ffpe-negative/4x/4-1127526-4X/patch_10.jpg,0
1563,nandafuyi,4x,4-1127526-4X,4-1127526-4X,ffpe_normal,jingxia_patches_use/nandafuyi/ffpe-negative/4x/4-1127526-4X/patch_22.jpg,0
1564,nandafuyi,4x,4-1127526-4X,4-1127526-4X,ffpe_normal,jingxia_patches_use/nandafuyi/ffpe-negative/4x/4-1127526-4X/patch_43.jpg,0
1565,nandafuyi,4x,4-1127526-4X,4-1127526-4X,ffpe_normal,jingxia_patches_use/nandafuyi/ffpe-negative/4x/4-1127526-4X/patch_4.jpg,0
2548,zhongshaneryuan,4x,FFPE-NPHO-5-4X,FFPE-NPHO-5-4X,ffpe_normal,jingxia_patches_use/zhongshaneryuan/ffpe-negative/4x/FFPE-NPHO-5-4X/patch_7.jpg,0
2549,zhongshaneryuan,4x,FFPE-NPHO-5-4X,FFPE-NPHO-5-4X,ffpe_normal,jingxia_patches_use/zhongshaneryuan/ffpe-negative/4x/FFPE-NPHO-5-4X/patch_6.jpg,0
2550,zhongshaneryuan,4x,FFPE-NPHO-5-4X,FFPE-NPHO-5-4X,ffpe_normal,jingxia_patches_use/zhongshaneryuan/ffpe-negative/4x/FFPE-NPHO-5-4X/patch_8.jpg,0
2551,zhongshaneryuan,4x,FFPE-NPHO-5-4X,FFPE-NPHO-5-4X,ffpe_normal,jingxia_patches_use/zhongshaneryuan/ffpe-negative/4x/FFPE-NPHO-5-4X/patch_11.jpg,0
2553,zhongshaneryuan,4x,FFPE-NPHO-5-4X,FFPE-NPHO-5-4X,ffpe_normal,jingxia_patches_use/zhongshaneryuan/ffpe-negative/4x/FFPE-NPHO-5-4X/patch_12.jpg,0
2556,zhongshaneryuan,4x,FFPE-NPHO-5-4X,FFPE-NPHO-5-4X,ffpe_normal,jingxia_patches_use/zhongshaneryuan/ffpe-negative/4x/FFPE-NPHO-5-4X/patch_18.jpg,0
2557,zhongshaneryuan,4x,FFPE-NPHO-5-4X,FFPE-NPHO-5-4X,ffpe_normal,jingxia_patches_use/zhongshaneryuan/ffpe-negative/4x/FFPE-NPHO-5-4X/patch_13.jpg,0
2559,zhongshaneryuan,4x,FFPE-NPHO-5-4X,FFPE-NPHO-5-4X,ffpe_normal,jingxia_patches_use/zhongshaneryuan/ffpe-negative/4x/FFPE-NPHO-5-4X/patch_4.jpg,0
2560,zhongshaneryuan,4x,FFPE-NPHO-5-4X,FFPE-NPHO-5-4X,ffpe_normal,jingxia_patches_use/zhongshaneryuan/ffpe-negative/4x/FFPE-NPHO-5-4X/patch_2.jpg,0
2561,zhongshaneryuan,4x,FFPE-NPHO-5-4X,FFPE-NPHO-5-4X,ffpe_normal,jingxia_patches_use/zhongshaneryuan/ffpe-negative/4x/FFPE-NPHO-5-4X/patch_9.jpg,0
2562,zhongshaneryuan,4x,FFPE-NPHO-7-4X,FFPE-NPHO-7-4X,ffpe_normal,jingxia_patches_use/zhongshaneryuan/ffpe-negative/4x/FFPE-NPHO-7-4X/patch_7.jpg,0
2563,zhongshaneryuan,4x,FFPE-NPHO-7-4X,FFPE-NPHO-7-4X,ffpe_normal,jingxia_patches_use/zhongshaneryuan/ffpe-negative/4x/FFPE-NPHO-7-4X/patch_6.jpg,0
2569,zhongshaneryuan,4x,FFPE-NPHO-7-4X,FFPE-NPHO-7-4X,ffpe_normal,jingxia_patches_use/zhongshaneryuan/ffpe-negative/4x/FFPE-NPHO-7-4X/patch_12.jpg,0
2575,zhongshaneryuan,4x,FFPE-NPHO-7-4X,FFPE-NPHO-7-4X,ffpe_normal,jingxia_patches_use/zhongshaneryuan/ffpe-negative/4x/FFPE-NPHO-7-4X/patch_5.jpg,0
2577,zhongshaneryuan,4x,FFPE-NPHO-7-4X,FFPE-NPHO-7-4X,ffpe_normal,jingxia_patches_use/zhongshaneryuan/ffpe-negative/4x/FFPE-NPHO-7-4X/patch_0.jpg,0
2579,zhongshaneryuan,4x,FFPE-NPHO-7-4X,FFPE-NPHO-7-4X,ffpe_normal,jingxia_patches_use/zhongshaneryuan/ffpe-negative/4x/FFPE-NPHO-7-4X/patch_2.jpg,0
2581,zhongshaneryuan,4x,FFPE-NPHO-6-4X,FFPE-NPHO-6-4X,ffpe_normal,jingxia_patches_use/zhongshaneryuan/ffpe-negative/4x/FFPE-NPHO-6-4X/patch_7.jpg,0
2582,zhongshaneryuan,4x,FFPE-NPHO-6-4X,FFPE-NPHO-6-4X,ffpe_normal,jingxia_patches_use/zhongshaneryuan/ffpe-negative/4x/FFPE-NPHO-6-4X/patch_6.jpg,0
2583,zhongshaneryuan,4x,FFPE-NPHO-6-4X,FFPE-NPHO-6-4X,ffpe_normal,jingxia_patches_use/zhongshaneryuan/ffpe-negative/4x/FFPE-NPHO-6-4X/patch_8.jpg,0
2584,zhongshaneryuan,4x,FFPE-NPHO-6-4X,FFPE-NPHO-6-4X,ffpe_normal,jingxia_patches_use/zhongshaneryuan/ffpe-negative/4x/FFPE-NPHO-6-4X/patch_15.jpg,0
2585,zhongshaneryuan,4x,FFPE-NPHO-6-4X,FFPE-NPHO-6-4X,ffpe_normal,jingxia_patches_use/zhongshaneryuan/ffpe-negative/4x/FFPE-NPHO-6-4X/patch_1.jpg,0
2587,zhongshaneryuan,4x,FFPE-NPHO-6-4X,FFPE-NPHO-6-4X,ffpe_normal,jingxia_patches_use/zhongshaneryuan/ffpe-negative/4x/FFPE-NPHO-6-4X/patch_3.jpg,0
2588,zhongshaneryuan,4x,FFPE-NPHO-6-4X,FFPE-NPHO-6-4X,ffpe_normal,jingxia_patches_use/zhongshaneryuan/ffpe-negative/4x/FFPE-NPHO-6-4X/patch_12.jpg,0
2589,zhongshaneryuan,4x,FFPE-NPHO-6-4X,FFPE-NPHO-6-4X,ffpe_normal,jingxia_patches_use/zhongshaneryuan/ffpe-negative/4x/FFPE-NPHO-6-4X/patch_17.jpg,0
2590,zhongshaneryuan,4x,FFPE-NPHO-6-4X,FFPE-NPHO-6-4X,ffpe_normal,jingxia_patches_use/zhongshaneryuan/ffpe-negative/4x/FFPE-NPHO-6-4X/patch_16.jpg,0
2591,zhongshaneryuan,4x,FFPE-NPHO-6-4X,FFPE-NPHO-6-4X,ffpe_normal,jingxia_patches_use/zhongshaneryuan/ffpe-negative/4x/FFPE-NPHO-6-4X/patch_18.jpg,0
2592,zhongshaneryuan,4x,FFPE-NPHO-6-4X,FFPE-NPHO-6-4X,ffpe_normal,jingxia_patches_use/zhongshaneryuan/ffpe-negative/4x/FFPE-NPHO-6-4X/patch_13.jpg,0
2593,zhongshaneryuan,4x,FFPE-NPHO-6-4X,FFPE-NPHO-6-4X,ffpe_normal,jingxia_patches_use/zhongshaneryuan/ffpe-negative/4x/FFPE-NPHO-6-4X/patch_14.jpg,0
2595,zhongshaneryuan,4x,FFPE-NPHO-6-4X,FFPE-NPHO-6-4X,ffpe_normal,jingxia_patches_use/zhongshaneryuan/ffpe-negative/4x/FFPE-NPHO-6-4X/patch_10.jpg,0
2598,zhongshaneryuan,4x,FFPE-NPHO-6-4X,FFPE-NPHO-6-4X,ffpe_normal,jingxia_patches_use/zhongshaneryuan/ffpe-negative/4x/FFPE-NPHO-6-4X/patch_2.jpg,0
2600,zhongshaneryuan,4x,FFPE-NPHO-8-4X,FFPE-NPHO-8-4X,ffpe_normal,jingxia_patches_use/zhongshaneryuan/ffpe-negative/4x/FFPE-NPHO-8-4X/patch_7.jpg,0
2602,zhongshaneryuan,4x,FFPE-NPHO-8-4X,FFPE-NPHO-8-4X,ffpe_normal,jingxia_patches_use/zhongshaneryuan/ffpe-negative/4x/FFPE-NPHO-8-4X/patch_8.jpg,0
2603,zhongshaneryuan,4x,FFPE-NPHO-8-4X,FFPE-NPHO-8-4X,ffpe_normal,jingxia_patches_use/zhongshaneryuan/ffpe-negative/4x/FFPE-NPHO-8-4X/patch_15.jpg,0
2607,zhongshaneryuan,4x,FFPE-NPHO-8-4X,FFPE-NPHO-8-4X,ffpe_normal,jingxia_patches_use/zhongshaneryuan/ffpe-negative/4x/FFPE-NPHO-8-4X/patch_12.jpg,0
2611,zhongshaneryuan,4x,FFPE-NPHO-8-4X,FFPE-NPHO-8-4X,ffpe_normal,jingxia_patches_use/zhongshaneryuan/ffpe-negative/4x/FFPE-NPHO-8-4X/patch_14.jpg,0
2613,zhongshaneryuan,4x,FFPE-NPHO-8-4X,FFPE-NPHO-8-4X,ffpe_normal,jingxia_patches_use/zhongshaneryuan/ffpe-negative/4x/FFPE-NPHO-8-4X/patch_4.jpg,0
2616,zhongshaneryuan,4x,FFPE-NPHO-2-4X,FFPE-NPHO-2-4X,ffpe_normal,jingxia_patches_use/zhongshaneryuan/ffpe-negative/4x/FFPE-NPHO-2-4X/patch_7.jpg,0
2617,zhongshaneryuan,4x,FFPE-NPHO-2-4X,FFPE-NPHO-2-4X,ffpe_normal,jingxia_patches_use/zhongshaneryuan/ffpe-negative/4x/FFPE-NPHO-2-4X/patch_6.jpg,0
2618,zhongshaneryuan,4x,FFPE-NPHO-2-4X,FFPE-NPHO-2-4X,ffpe_normal,jingxia_patches_use/zhongshaneryuan/ffpe-negative/4x/FFPE-NPHO-2-4X/patch_8.jpg,0
2619,zhongshaneryuan,4x,FFPE-NPHO-2-4X,FFPE-NPHO-2-4X,ffpe_normal,jingxia_patches_use/zhongshaneryuan/ffpe-negative/4x/FFPE-NPHO-2-4X/patch_15.jpg,0
2620,zhongshaneryuan,4x,FFPE-NPHO-2-4X,FFPE-NPHO-2-4X,ffpe_normal,jingxia_patches_use/zhongshaneryuan/ffpe-negative/4x/FFPE-NPHO-2-4X/patch_1.jpg,0
2621,zhongshaneryuan,4x,FFPE-NPHO-2-4X,FFPE-NPHO-2-4X,ffpe_normal,jingxia_patches_use/zhongshaneryuan/ffpe-negative/4x/FFPE-NPHO-2-4X/patch_11.jpg,0
2622,zhongshaneryuan,4x,FFPE-NPHO-2-4X,FFPE-NPHO-2-4X,ffpe_normal,jingxia_patches_use/zhongshaneryuan/ffpe-negative/4x/FFPE-NPHO-2-4X/patch_3.jpg,0
2623,zhongshaneryuan,4x,FFPE-NPHO-2-4X,FFPE-NPHO-2-4X,ffpe_normal,jingxia_patches_use/zhongshaneryuan/ffpe-negative/4x/FFPE-NPHO-2-4X/patch_12.jpg,0
2624,zhongshaneryuan,4x,FFPE-NPHO-2-4X,FFPE-NPHO-2-4X,ffpe_normal,jingxia_patches_use/zhongshaneryuan/ffpe-negative/4x/FFPE-NPHO-2-4X/patch_17.jpg,0
2625,zhongshaneryuan,4x,FFPE-NPHO-2-4X,FFPE-NPHO-2-4X,ffpe_normal,jingxia_patches_use/zhongshaneryuan/ffpe-negative/4x/FFPE-NPHO-2-4X/patch_16.jpg,0
2626,zhongshaneryuan,4x,FFPE-NPHO-2-4X,FFPE-NPHO-2-4X,ffpe_normal,jingxia_patches_use/zhongshaneryuan/ffpe-negative/4x/FFPE-NPHO-2-4X/patch_18.jpg,0
2627,zhongshaneryuan,4x,FFPE-NPHO-2-4X,FFPE-NPHO-2-4X,ffpe_normal,jingxia_patches_use/zhongshaneryuan/ffpe-negative/4x/FFPE-NPHO-2-4X/patch_13.jpg,0
2628,zhongshaneryuan,4x,FFPE-NPHO-2-4X,FFPE-NPHO-2-4X,ffpe_normal,jingxia_patches_use/zhongshaneryuan/ffpe-negative/4x/FFPE-NPHO-2-4X/patch_5.jpg,0
2629,zhongshaneryuan,4x,FFPE-NPHO-2-4X,FFPE-NPHO-2-4X,ffpe_normal,jingxia_patches_use/zhongshaneryuan/ffpe-negative/4x/FFPE-NPHO-2-4X/patch_10.jpg,0
2630,zhongshaneryuan,4x,FFPE-NPHO-2-4X,FFPE-NPHO-2-4X,ffpe_normal,jingxia_patches_use/zhongshaneryuan/ffpe-negative/4x/FFPE-NPHO-2-4X/patch_0.jpg,0
2631,zhongshaneryuan,4x,FFPE-NPHO-2-4X,FFPE-NPHO-2-4X,ffpe_normal,jingxia_patches_use/zhongshaneryuan/ffpe-negative/4x/FFPE-NPHO-2-4X/patch_4.jpg,0
2632,zhongshaneryuan,4x,FFPE-NPHO-2-4X,FFPE-NPHO-2-4X,ffpe_normal,jingxia_patches_use/zhongshaneryuan/ffpe-negative/4x/FFPE-NPHO-2-4X/patch_2.jpg,0
2633,zhongshaneryuan,4x,FFPE-NPHO-2-4X,FFPE-NPHO-2-4X,ffpe_normal,jingxia_patches_use/zhongshaneryuan/ffpe-negative/4x/FFPE-NPHO-2-4X/patch_9.jpg,0
2634,zhongshaneryuan,4x,FFPE-NPHO-1-4X,FFPE-NPHO-1-4X,ffpe_normal,jingxia_patches_use/zhongshaneryuan/ffpe-negative/4x/FFPE-NPHO-1-4X/patch_7.jpg,0
2635,zhongshaneryuan,4x,FFPE-NPHO-1-4X,FFPE-NPHO-1-4X,ffpe_normal,jingxia_patches_use/zhongshaneryuan/ffpe-negative/4x/FFPE-NPHO-1-4X/patch_6.jpg,0
2637,zhongshaneryuan,4x,FFPE-NPHO-1-4X,FFPE-NPHO-1-4X,ffpe_normal,jingxia_patches_use/zhongshaneryuan/ffpe-negative/4x/FFPE-NPHO-1-4X/patch_15.jpg,0
2639,zhongshaneryuan,4x,FFPE-NPHO-1-4X,FFPE-NPHO-1-4X,ffpe_normal,jingxia_patches_use/zhongshaneryuan/ffpe-negative/4x/FFPE-NPHO-1-4X/patch_11.jpg,0
2640,zhongshaneryuan,4x,FFPE-NPHO-1-4X,FFPE-NPHO-1-4X,ffpe_normal,jingxia_patches_use/zhongshaneryuan/ffpe-negative/4x/FFPE-NPHO-1-4X/patch_3.jpg,0
2641,zhongshaneryuan,4x,FFPE-NPHO-1-4X,FFPE-NPHO-1-4X,ffpe_normal,jingxia_patches_use/zhongshaneryuan/ffpe-negative/4x/FFPE-NPHO-1-4X/patch_12.jpg,0
2643,zhongshaneryuan,4x,FFPE-NPHO-1-4X,FFPE-NPHO-1-4X,ffpe_normal,jingxia_patches_use/zhongshaneryuan/ffpe-negative/4x/FFPE-NPHO-1-4X/patch_16.jpg,0
2644,zhongshaneryuan,4x,FFPE-NPHO-1-4X,FFPE-NPHO-1-4X,ffpe_normal,jingxia_patches_use/zhongshaneryuan/ffpe-negative/4x/FFPE-NPHO-1-4X/patch_18.jpg,0
2645,zhongshaneryuan,4x,FFPE-NPHO-1-4X,FFPE-NPHO-1-4X,ffpe_normal,jingxia_patches_use/zhongshaneryuan/ffpe-negative/4x/FFPE-NPHO-1-4X/patch_13.jpg,0
2646,zhongshaneryuan,4x,FFPE-NPHO-1-4X,FFPE-NPHO-1-4X,ffpe_normal,jingxia_patches_use/zhongshaneryuan/ffpe-negative/4x/FFPE-NPHO-1-4X/patch_14.jpg,0
2648,zhongshaneryuan,4x,FFPE-NPHO-1-4X,FFPE-NPHO-1-4X,ffpe_normal,jingxia_patches_use/zhongshaneryuan/ffpe-negative/4x/FFPE-NPHO-1-4X/patch_10.jpg,0
2651,zhongshaneryuan,4x,FFPE-NPHO-1-4X,FFPE-NPHO-1-4X,ffpe_normal,jingxia_patches_use/zhongshaneryuan/ffpe-negative/4x/FFPE-NPHO-1-4X/patch_2.jpg,0
2652,zhongshaneryuan,4x,FFPE-NPHO-1-4X,FFPE-NPHO-1-4X,ffpe_normal,jingxia_patches_use/zhongshaneryuan/ffpe-negative/4x/FFPE-NPHO-1-4X/patch_9.jpg,0
2654,zhongshaneryuan,4x,FFPE-NPHO-4-4X,FFPE-NPHO-4-4X,ffpe_normal,jingxia_patches_use/zhongshaneryuan/ffpe-negative/4x/FFPE-NPHO-4-4X/patch_6.jpg,0
2655,zhongshaneryuan,4x,FFPE-NPHO-4-4X,FFPE-NPHO-4-4X,ffpe_normal,jingxia_patches_use/zhongshaneryuan/ffpe-negative/4x/FFPE-NPHO-4-4X/patch_8.jpg,0
2659,zhongshaneryuan,4x,FFPE-NPHO-4-4X,FFPE-NPHO-4-4X,ffpe_normal,jingxia_patches_use/zhongshaneryuan/ffpe-negative/4x/FFPE-NPHO-4-4X/patch_12.jpg,0
2669,zhongshaneryuan,4x,FFPE-NPHO-4-4X,FFPE-NPHO-4-4X,ffpe_normal,jingxia_patches_use/zhongshaneryuan/ffpe-negative/4x/FFPE-NPHO-4-4X/patch_2.jpg,0
2672,zhongshaneryuan,4x,FFPE-NPHO-10-4X,FFPE-NPHO-10-4X,ffpe_normal,jingxia_patches_use/zhongshaneryuan/ffpe-negative/4x/FFPE-NPHO-10-4X/patch_6.jpg,0
2673,zhongshaneryuan,4x,FFPE-NPHO-10-4X,FFPE-NPHO-10-4X,ffpe_normal,jingxia_patches_use/zhongshaneryuan/ffpe-negative/4x/FFPE-NPHO-10-4X/patch_8.jpg,0
2674,zhongshaneryuan,4x,FFPE-NPHO-10-4X,FFPE-NPHO-10-4X,ffpe_normal,jingxia_patches_use/zhongshaneryuan/ffpe-negative/4x/FFPE-NPHO-10-4X/patch_11.jpg,0
2683,zhongshaneryuan,4x,FFPE-NPHO-3-4X,FFPE-NPHO-3-4X,ffpe_normal,jingxia_patches_use/zhongshaneryuan/ffpe-negative/4x/FFPE-NPHO-3-4X/patch_7.jpg,0
2686,zhongshaneryuan,4x,FFPE-NPHO-3-4X,FFPE-NPHO-3-4X,ffpe_normal,jingxia_patches_use/zhongshaneryuan/ffpe-negative/4x/FFPE-NPHO-3-4X/patch_1.jpg,0
2689,zhongshaneryuan,4x,FFPE-NPHO-3-4X,FFPE-NPHO-3-4X,ffpe_normal,jingxia_patches_use/zhongshaneryuan/ffpe-negative/4x/FFPE-NPHO-3-4X/patch_12.jpg,0
2690,zhongshaneryuan,4x,FFPE-NPHO-3-4X,FFPE-NPHO-3-4X,ffpe_normal,jingxia_patches_use/zhongshaneryuan/ffpe-negative/4x/FFPE-NPHO-3-4X/patch_17.jpg,0
2692,zhongshaneryuan,4x,FFPE-NPHO-3-4X,FFPE-NPHO-3-4X,ffpe_normal,jingxia_patches_use/zhongshaneryuan/ffpe-negative/4x/FFPE-NPHO-3-4X/patch_18.jpg,0
2694,zhongshaneryuan,4x,FFPE-NPHO-3-4X,FFPE-NPHO-3-4X,ffpe_normal,jingxia_patches_use/zhongshaneryuan/ffpe-negative/4x/FFPE-NPHO-3-4X/patch_14.jpg,0
2695,zhongshaneryuan,4x,FFPE-NPHO-3-4X,FFPE-NPHO-3-4X,ffpe_normal,jingxia_patches_use/zhongshaneryuan/ffpe-negative/4x/FFPE-NPHO-3-4X/patch_5.jpg,0
2698,zhongshaneryuan,4x,FFPE-NPHO-3-4X,FFPE-NPHO-3-4X,ffpe_normal,jingxia_patches_use/zhongshaneryuan/ffpe-negative/4x/FFPE-NPHO-3-4X/patch_4.jpg,0
2700,zhongshaneryuan,4x,FFPE-NPHO-3-4X,FFPE-NPHO-3-4X,ffpe_normal,jingxia_patches_use/zhongshaneryuan/ffpe-negative/4x/FFPE-NPHO-3-4X/patch_9.jpg,0
2703,zhongshaneryuan,4x,FFPE-NPHO-9-4X,FFPE-NPHO-9-4X,ffpe_normal,jingxia_patches_use/zhongshaneryuan/ffpe-negative/4x/FFPE-NPHO-9-4X/patch_8.jpg,0
2705,zhongshaneryuan,4x,FFPE-NPHO-9-4X,FFPE-NPHO-9-4X,ffpe_normal,jingxia_patches_use/zhongshaneryuan/ffpe-negative/4x/FFPE-NPHO-9-4X/patch_1.jpg,0
2706,zhongshaneryuan,4x,FFPE-NPHO-9-4X,FFPE-NPHO-9-4X,ffpe_normal,jingxia_patches_use/zhongshaneryuan/ffpe-negative/4x/FFPE-NPHO-9-4X/patch_11.jpg,0
2707,zhongshaneryuan,4x,FFPE-NPHO-9-4X,FFPE-NPHO-9-4X,ffpe_normal,jingxia_patches_use/zhongshaneryuan/ffpe-negative/4x/FFPE-NPHO-9-4X/patch_3.jpg,0
2708,zhongshaneryuan,4x,FFPE-NPHO-9-4X,FFPE-NPHO-9-4X,ffpe_normal,jingxia_patches_use/zhongshaneryuan/ffpe-negative/4x/FFPE-NPHO-9-4X/patch_12.jpg,0
2709,zhongshaneryuan,4x,FFPE-NPHO-9-4X,FFPE-NPHO-9-4X,ffpe_normal,jingxia_patches_use/zhongshaneryuan/ffpe-negative/4x/FFPE-NPHO-9-4X/patch_17.jpg,0
2710,zhongshaneryuan,4x,FFPE-NPHO-9-4X,FFPE-NPHO-9-4X,ffpe_normal,jingxia_patches_use/zhongshaneryuan/ffpe-negative/4x/FFPE-NPHO-9-4X/patch_16.jpg,0
2711,zhongshaneryuan,4x,FFPE-NPHO-9-4X,FFPE-NPHO-9-4X,ffpe_normal,jingxia_patches_use/zhongshaneryuan/ffpe-negative/4x/FFPE-NPHO-9-4X/patch_18.jpg,0
2712,zhongshaneryuan,4x,FFPE-NPHO-9-4X,FFPE-NPHO-9-4X,ffpe_normal,jingxia_patches_use/zhongshaneryuan/ffpe-negative/4x/FFPE-NPHO-9-4X/patch_13.jpg,0
2713,zhongshaneryuan,4x,FFPE-NPHO-9-4X,FFPE-NPHO-9-4X,ffpe_normal,jingxia_patches_use/zhongshaneryuan/ffpe-negative/4x/FFPE-NPHO-9-4X/patch_14.jpg,0
2714,zhongshaneryuan,4x,FFPE-NPHO-9-4X,FFPE-NPHO-9-4X,ffpe_normal,jingxia_patches_use/zhongshaneryuan/ffpe-negative/4x/FFPE-NPHO-9-4X/patch_5.jpg,0
2717,zhongshaneryuan,4x,FFPE-NPHO-9-4X,FFPE-NPHO-9-4X,ffpe_normal,jingxia_patches_use/zhongshaneryuan/ffpe-negative/4x/FFPE-NPHO-9-4X/patch_4.jpg,0
2718,zhongshaneryuan,4x,FFPE-NPHO-9-4X,FFPE-NPHO-9-4X,ffpe_normal,jingxia_patches_use/zhongshaneryuan/ffpe-negative/4x/FFPE-NPHO-9-4X/patch_2.jpg,0
2719,zhongshaneryuan,4x,FFPE-NPHO-9-4X,FFPE-NPHO-9-4X,ffpe_normal,jingxia_patches_use/zhongshaneryuan/ffpe-negative/4x/FFPE-NPHO-9-4X/patch_9.jpg,0
4689,zhongshansanyuan,4x,23-02327-5-4X,23-02327-5-4X,ffpe_normal,jingxia_patches_use/zhongshansanyuan/ffpe-negative/4x/23-02327-5-4X/patch_25.jpg,0
4694,zhongshansanyuan,4x,23-02327-5-4X,23-02327-5-4X,ffpe_normal,jingxia_patches_use/zhongshansanyuan/ffpe-negative/4x/23-02327-5-4X/patch_18.jpg,0
4695,zhongshansanyuan,4x,23-02327-5-4X,23-02327-5-4X,ffpe_normal,jingxia_patches_use/zhongshansanyuan/ffpe-negative/4x/23-02327-5-4X/patch_29.jpg,0
4707,zhongshansanyuan,4x,23-02327-5-4X,23-02327-5-4X,ffpe_normal,jingxia_patches_use/zhongshansanyuan/ffpe-negative/4x/23-02327-5-4X/patch_19.jpg,0
4708,zhongshansanyuan,4x,23-02327-5-4X,23-02327-5-4X,ffpe_normal,jingxia_patches_use/zhongshansanyuan/ffpe-negative/4x/23-02327-5-4X/patch_10.jpg,0
4712,zhongshansanyuan,4x,23-02327-5-4X,23-02327-5-4X,ffpe_normal,jingxia_patches_use/zhongshansanyuan/ffpe-negative/4x/23-02327-5-4X/patch_24.jpg,0
4717,zhongshansanyuan,4x,23-02327-5-4X,23-02327-5-4X,ffpe_normal,jingxia_patches_use/zhongshansanyuan/ffpe-negative/4x/23-02327-5-4X/patch_40.jpg,0
